"Record ID","Record","Description","Primary location > Country","Foundation date","Twitter follower count","Twitter","LinkedIn","Domains","Categories","Connection strength","Last interaction > When"
"36fbf478-152b-4909-87b7-6813ad597bd9","Google",,,,,,,"xwf.google.com",,"Very strong","2026-05-18T03:18:07Z"
"412ee999-ea3f-4362-8e39-7a6a918e79b4","Google",,,,,,,"google.com",,"Very strong","2026-05-18T03:18:07Z"
"7e971a22-efb4-4db5-913e-d8395194626e","Microsoft",,,,,,,"microsoft.com",,"Very weak","2025-04-14T23:51:49Z"
"ca26297a-db58-46e3-a403-f312bc1f807a","live.nl",,,,,,,"live.nl",,,"2022-04-25T14:00:00Z"
"d9c211df-f161-4a11-bf92-d1c070b76081","Microsoft",,,,,,,"live.com.mx",,"Weak","2025-08-20T00:00:00Z"
"49d74fe7-4339-4d35-ac75-a0034f40edea","Disney",,,,,,,"disney.com",,,
"042c99ee-8c12-4b92-84c3-687c74c6f6db","Nike",,,,,,,"nike.com",,,"2023-01-31T16:50:00Z"
"e379a376-e612-4b92-b055-722d8fcc1965","Apple",,,,,,,"apple.com",,,
"9cd0a82a-2785-4902-8f52-a78aba5b6074","CBS News",,,,,,,"cbsnews.com",,"Very weak","2024-11-19T17:35:03Z"
"dcb54aca-b660-4f5f-9a3b-b717c77495d9","Coinbase",,,,,,,"coinbase.com",,"Strong","2026-02-10T00:00:00Z"
"6fce93de-f306-47ab-84fb-aed647c12ff9","World Economic Forum",,,,,,,"weforum.org",,"Very strong","2026-05-15T13:54:43Z"
"623c3739-6a4e-407e-a63d-5536db139072","UNESCO",,,,,,,"unesco.org",,"Weak","2026-05-19T15:50:23Z"
"e7b00c4c-f522-45ff-a3cd-6b2715c70d65","Gobierno de la Ciudad de México",,,,,,,"pilares.cdmx.gob.mx",,"Very weak","2024-08-07T18:44:30Z"
"9eecea48-2874-4d1e-88e2-f5b71d41c518","Coca-Cola",,,,,,,"coca-cola.com",,"Weak","2026-05-05T16:07:17Z"
"b69004cd-b02f-41db-9104-55a0267e57b8","Animal Político",,,,,,,"animalpolitico.com",,"Very weak","2024-12-19T20:42:14Z"
"117bb027-76dc-40fd-9877-0c5eb6db8843","Banco Bilbao Vizcaya Argentaria Sa",,,,,,,"bbva.com",,"Very weak","2025-12-02T17:24:27Z"
"eb9ba4e2-45e6-4f26-b592-f598991abd44","gobmx",,,,,,,"inami.gob.mx",,"Very weak","2025-08-02T18:45:01Z"
"03ec72c0-e0c1-4a1f-a851-7d841bf1aff4","El Financiero",,,,,,,"elfinanciero.com.mx",,"Very weak","2025-08-13T22:00:00Z"
"53bc1041-d41d-4aa0-b7f7-dd4d0da0c1ab","OpenAI",,,,,,,"openai.com",,"Weak","2025-08-05T18:20:59Z"
"e26e374a-8df4-4122-bd82-da9cc9ccf4ad","United Nations Development Programme",,,,,,,"undp.org",,"Very weak","2025-02-13T16:12:44Z"
"8a80ce19-14a8-4fcc-88ea-6225826e1446","LinkedIn",,,,,,,"cs.linkedin.com",,"Very weak","2026-04-17T21:00:22Z"
"be9b18a4-fdec-4d27-9f27-e4b26105b51b","LinkedIn",,,,,,,"linkedin.com",,"Very weak","2024-08-27T19:11:28Z"
"c3649215-5c59-4e6f-8dec-092edcf5e0d7","Ticketmaster México",,,,,,,"ticketmaster.com.mx",,"Very weak","2025-02-27T00:06:43Z"
"9d389b88-ffce-40b0-aa41-e0e058612775","Harvard University",,,,,,,"harvard.edu",,"Very weak","2025-02-05T15:00:00Z"
"b12e5581-de79-407f-8a40-2e66eba83e5b","Harvard University",,,,,,,"hks.harvard.edu",,"Very weak","2025-02-05T15:00:00Z"
"eb5b2cae-360d-45ae-8008-01a54e7d0221","Walmart",,,,,,,"walmart.com",,"Very weak","2025-07-23T16:54:22Z"
"444ed1e0-8666-4902-aff9-f777d5a9eb19","3M",,,,,,,"mmm.com",,,"2024-02-12T23:00:00Z"
"f885aec8-4c48-4471-986e-f78309e7920c","Massachusetts Institute of Technology",,,,,,,"mit.edu",,"Very weak","2025-02-05T15:00:00Z"
"0fe704c5-7192-4060-9302-8ef4d83f0fb1","United Airlines",,,,,,,"united.com",,,
"a5e810eb-4fef-47ee-b164-cdd2ed0fb493","Stanford University",,,,,,,"stanford.edu",,"Very weak","2025-12-02T04:39:39Z"
"e3681557-6439-44c7-8a5d-ece4cf9d95d4","PayPal",,,,,,,"paypal.com",,,
"a5d67efa-bfbf-43f3-8a99-c25433abc0d8","Grupo Financiero Banamex, S.A. de C.V",,,,,,,"citibanamex.com",,"Very weak","2025-06-06T19:40:23Z"
"922763f4-d59f-40bc-8ad7-2ae1f1231dd0","Airbnb",,,,,,,"airbnb.com",,,
"0a79c6f6-6b71-45a9-b465-a4a5d4485e8c","HubSpot",,,,,,,"hubspot.com",,"Very weak","2024-12-04T21:59:47Z"
"763dc8f7-e11c-4f54-b7cd-8f1c83dedf56","Dell",,,,,,,"dell.com",,"Very weak","2026-05-05T16:07:17Z"
"015b6c86-4d71-4535-9203-327138d6a5a2","HubSpot",,,,,,,"bf07x.hubspotemail.net",,"Very weak","2024-10-12T00:13:48Z"
"2371be91-1429-487f-8545-c07619136be7","HubSpot",,,,,,,"bf04x.hubspotemail.net",,"Very weak","2025-12-02T18:02:48Z"
"69755cf1-bf01-4fa1-bfde-f801d24f40c1","HubSpot",,,,,,,"bf05x.hubspotemail.net",,"Very weak","2024-11-19T18:11:49Z"
"d9a16206-6bc3-42ca-bbbe-a8913e630b59","University of Cambridge",,,,,,,"cam.ac.uk",,"Very weak","2025-02-05T15:00:00Z"
"64236d7d-6a34-48a7-bd8c-8b942fc1a79a","Forbes México",,,,,,,"forbes.com.mx",,"Very weak","2025-04-10T01:18:01Z"
"1c680476-b270-4351-850f-54718ca6fae9","JPMorgan Chase & Co.",,,,,,,"jpmchase.com",,,"2023-09-27T01:00:00Z"
"1018cf67-96d1-4b61-a28a-701be23e9fca","J.P. Morgan & Co.",,,,,,,"jpmorgan.com",,,"2023-09-27T01:00:00Z"
"5fb52e42-bf25-40ae-b6eb-d7097d1380bc","IBM",,,,,,,"us.ibm.com",,"Very weak","2025-02-04T22:56:23Z"
"64481666-3486-41d3-a8bf-45ac2ec5740d","IBM",,,,,,,"ibm.com",,"Very weak","2025-01-16T14:39:14Z"
"56aa5511-e746-490e-be8d-39505be2ccb7","Turkcell",,,,,,,"turkcell.com.tr",,,"2022-04-25T14:00:00Z"
"becf4e8b-d1f1-4c33-9d0f-d10c9f78e7a3","DW News",,,,,,,"dw.com",,"Very weak","2025-01-23T16:29:38Z"
"27e517d2-0ebd-41f5-8334-723fdbf3afea","Samsung Electronics",,,,,,,"partner.samsung.com",,"Very strong","2025-08-27T19:05:11Z"
"5745cc4f-7a3e-442e-8e8d-80551e812fac","Samsung Electronics",,,,,,,"samsung.com",,"Very strong","2025-08-27T19:05:11Z"
"ff2981bc-a1ef-4a11-acbf-7179a321932b","unfoundation.org",,,,,,,"unfoundation.org",,"Very weak","2025-01-14T12:55:00Z"
"cd223a7d-3908-4cd6-bcf7-f9cb6fc00765","Nubank",,,,,,,"nubank.com.br",,"Very weak","2025-05-16T22:00:00Z"
"665ce693-f04a-40c5-a1bf-b1e53719401d","BlackRock",,,,,,,"blackrock.com",,,"2023-10-11T17:54:22Z"
"397e4f73-bc5e-4b9a-8c11-2ce279985a07","Tecnológico de Monterrey",,,,,,,"tec.mx",,"Weak","2026-04-08T19:55:00Z"
"669fe8cb-93fd-48fa-9d03-13dc11a90d76","Mastercard",,,,,,,"mastercard.com",,"Weak","2025-09-20T14:31:33Z"
"b9a861bf-5aad-4e6b-8167-611fdafac793","GLAAD",,,,,,,"glaad.org",,"Very weak","2025-01-23T16:29:38Z"
"24e3aa72-98ac-4dd7-bdb5-8693020b6cf6","Slack",,,,,,,"prospectivistas-edm.slack.com",,"Good","2026-05-05T09:20:23Z"
"94ad0285-efd9-401d-9379-3d75a4c6c0be","Slack",,,,,,,"wavynode.slack.com",,"Good","2026-05-05T09:20:23Z"
"0687f310-6559-4184-ae0e-45468a9cc169","Qualcomm",,,,,,,"qti.qualcomm.com",,,"2024-02-22T01:48:28Z"
"54b39a3c-402c-416e-838e-6135271b2a8b","HCL Technologies",,,,,,,"contact.hcltech.com",,"Very weak","2025-09-23T21:31:47Z"
"926056af-f427-4f2d-8a52-f5163b61626b","Marriott International",,,,,,,"fourpoints.com",,,"2023-08-23T16:59:20Z"
"7f99032f-2d0b-43d1-84e8-490cb6a88b97","KPMG",,,,,,,"kpmg.com.mx",,,"2023-02-12T17:02:19Z"
"b522b9d7-733e-462c-af70-7ff8fed539dc","Visa",,,,,,,"visa.com",,,"2023-09-27T01:00:00Z"
"88b518f0-7862-40fc-996e-decf72010734","Revolut",,,,,,,"revolut.com",,"Very strong","2026-05-19T16:00:48Z"
"e2d90ac2-c9f2-4702-b3ac-b4bc66a32d5e","WITNESS",,,,,,,"witness.org",,"Very weak","2024-12-19T20:42:14Z"
"3c2b57db-7220-46ed-bd2e-21191064d0f5","Universidad de Guadalajara",,,,,,,"alumnos.udg.mx",,,"2023-11-02T22:00:00Z"
"f54bb0a4-5932-40a3-9de5-f398d882eb43","Santander México",,,,,,,"santander.com.mx",,,"2023-09-27T01:00:00Z"
"21ff4862-b2d5-4433-af6e-4aea2d198304","SAP",,,,,,,"sap.com",,,"2024-02-15T23:49:42Z"
"dd852584-4967-4dca-a4c5-4b98d4d73057","Platzi",,,,,,,"platzi.com",,"Weak","2026-03-18T14:44:50Z"
"640cb93d-b175-4539-b037-7003727dc90e","Nestlé",,,,,,,"co.nestle.com",,,"2023-05-10T23:14:35Z"
"256f1106-ac8b-43da-b483-98be1d81b49b","Shutterstock",,,,,,,"shutterstock.com",,,"2024-02-22T01:48:28Z"
"5c2ac247-d025-4827-beef-468b1b96c3ef","Mailchimp",,,,,,,"unsubscribe.mailchimpapp.net",,"Very weak","2025-07-08T08:02:13Z"
"deba9f9a-2696-4979-9e87-bdc54e534ef2","Mailchimp",,,,,,,"inbound.mailchimp.com",,"Weak","2025-12-08T13:48:35Z"
"e4e5eed5-8d2e-4c75-85b8-feea676f3f46","INAI",,,,,,,"inai.org.mx",,"Very weak","2025-02-05T15:00:00Z"
"168f70ec-9aa8-4820-936b-db0fd088cd5e","USP - Universidade de São Paulo",,,,,,,"usp.br",,"Weak","2025-04-03T18:04:43Z"
"306e2010-9b9b-4caf-8bfb-3fcb8ad8f32c","El Gobierno de Nuevo León",,,,,,,"nuevoleon.gob.mx",,"Very weak","2025-05-30T21:33:22Z"
"e61e52fa-33a7-442c-b627-82c9fb1bfe5f","Tony Blair Institute for Global Change",,,,,,,"institute.global",,,"2022-03-11T15:11:38Z"
"ca6523cb-bc3a-44c6-bc0a-326a883adc97","CNRS 🌍",,,,,,,"cnrs.fr",,"Very weak","2025-02-05T15:00:00Z"
"4948987e-8541-426d-b577-6a39d0bb44b8","Cloud Software Group",,,,,,,"cloud.com",,,"2023-10-24T19:30:37Z"
"9e7a8877-980b-46ff-801c-22350ba030ab","Mercado Libre",,,,,,,"mercadolibre.com",,,"2023-11-09T16:46:56Z"
"65f25fea-d961-4e6e-bc55-18e81395e9c6","Falabella",,,,,,,"falabella.com",,,"2023-05-10T23:14:35Z"
"11ca4ab8-c682-4adb-9fcc-def7c5ea92cf","LVMH",,,,,,,"lvmh.com",,,
"5b046e59-d1d3-4f04-b1ba-57f6a9ff449d","PwC",,,,,,,"pwc.com",,,"2022-04-25T14:00:00Z"
"677ad71c-b5b3-458e-bafb-88606ca7b392","Banco Bci",,,,,,,"bci.cl",,"Very weak","2025-06-10T15:24:32Z"
"cb31b03c-12a7-4e7d-89a2-756e2949eef5","Esto",,,,,,,"esto.com.mx",,"Very weak","2025-05-08T16:00:00Z"
"8efe882c-f9d5-4efb-b6ae-70a7968b463d","University of Notre Dame",,,,,,,"alumni.nd.edu",,,"2022-02-17T10:45:32Z"
"c6ed4551-2f60-4e64-b1c1-4622881aefcd","DocuSign",,,,,,,"docusign.com",,"Very weak","2025-08-13T00:55:03Z"
"def7748a-9c7a-4b69-8948-be089861ac90","Hugging Face",,,,,,,"huggingface.co",,"Good","2026-04-24T09:36:33Z"
"44ef20c8-eeaf-4659-ab02-40009f3bb67a","NAACP Legal Defense Fund",,,,,,,"naacpldf.org",,,"2022-04-25T14:00:00Z"
"29089845-ae21-450a-b251-d40c2e37dbca","Sciences Po",,,,,,,"sciencespo.fr",,,"2022-04-25T14:00:00Z"
"1725d505-5cf1-4cdf-a610-f48bdb947b24","Chevening Awards",,,,,,,"chevening.org",,"Strong","2026-05-01T15:20:45Z"
"06b69914-d02b-44e6-b499-b4cce9148d3a","eLife",,,,,,,"elifesciences.org",,"Very weak","2024-09-23T23:40:26Z"
"8a4f2eff-5f87-4c7f-8b5f-6d398a9b8cbf","VC4A",,,,,,,"vc4a.com",,,"2022-03-21T15:00:00Z"
"61f2ac73-bdbe-4f0f-98ca-626b9e62a722","México ¿cómo vamos?",,,,,,,"mexicocomovamos.mx",,"Very weak","2025-02-13T16:12:44Z"
"7edd4cad-f7f2-47c8-9460-bdeb66bd3b17","We Don't Have Time",,,,,,,"sib.wedonthavetime.org",,"Weak","2026-01-23T09:07:55Z"
"81ab32e1-b7ea-4051-bbb3-bd242408eb25","Akamai Technologies",,,,,,,"akamai.com",,,"2024-02-22T00:00:00Z"
"507afa19-600d-4f41-b973-4ac6a55361d7","American Bar Association",,,,,,,"americanbar.org",,,"2022-04-25T14:00:00Z"
"c8b180ab-f1d2-4219-ad0b-028e50f58cac","American Bar Association",,,,,,,"abaroli.org",,,"2022-04-25T14:00:00Z"
"4b4ee6f2-f722-4a76-b2f6-e1fe4c2b24c0","University of Toronto",,,,,,,"utoronto.ca",,,"2024-02-22T22:20:53Z"
"476b9076-a74b-47e5-98f6-a42469855b05","Bitso",,,,,,,"bitso.com",,"Very weak","2025-05-30T21:34:30Z"
"a4392f3a-46c0-4db7-9476-7e0bc08b1732","Zendesk",,,,,,,"zendesk.com",,"Very weak","2024-06-18T14:00:00Z"
"e3985e7b-eee1-4be0-a8e4-5a3c8e9b3f0d","International Telecommunication Union",,,,,,,"itu.int",,,"2024-02-22T01:48:28Z"
"cfe01854-e4f9-4baf-aad7-3f0e768384c4","University of Alberta",,,,,,,"ualberta.ca",,,"2024-01-31T00:52:27Z"
"d92b074c-049e-4148-8f2e-0dcacf8efcab","Condé Nast",,,,,,,"condenast.com.mx",,"Good","2026-05-19T15:50:23Z"
"b5586c6d-d01d-4f8a-a2dd-e2a71590b7d9","Telefónica",,,,,,,"telefonica.com",,,"2023-05-10T23:14:35Z"
"4562a207-56d9-46bf-bfb0-ee53a867b6cd","Zoho",,,,,,,"zcsend.net",,"Very weak","2025-08-13T21:19:59Z"
"e60af662-9d0b-4855-bc29-523d4d032093","Monash University",,,,,,,"monash.edu",,,"2022-03-11T15:11:38Z"
"2458af1c-614e-4d7c-b567-3f1fa0f2c47a","WOM Colombia",,,,,,,"wom.co",,,"2023-05-10T23:14:35Z"
"6557ece0-6f10-4b3c-9bd4-28b717912433","Pontificia Universidad Católica de Chile",,,,,,,"uc.cl",,,"2023-01-25T22:00:00Z"
"909c97b7-0af8-4595-bc85-4a7dd842c576","Elektra",,,,,,,"elektra.com.mx",,"Very weak","2025-06-09T14:00:55Z"
"3870dd04-502b-4bb2-b71c-880276228ad5","Twilio",,,,,,,"twilio.com",,"Very weak","2025-02-25T16:14:52Z"
"78f3b789-3000-4de5-a697-4df96df3def0","Banorte",,,,,,,"banorte.com",,"Very weak","2025-05-13T15:00:00Z"
"9cc40be0-a0ed-4e67-ab2f-40be7aa00110","Georgetown University",,,,,,,"georgetown.edu",,,"2022-05-14T05:39:48Z"
"a437bdea-c179-4f10-b67a-a4bcbfe94f12","University of Sussex",,,,,,,"sussex.ac.uk",,"Very strong","2026-05-08T15:30:01Z"
"ccffdc57-1e21-45ff-95e7-c6c3668416c7","Publicis Groupe",,,,,,,"publicisgroupe.com",,"Very weak","2025-04-29T19:00:31Z"
"e765a274-2647-4ea6-aba7-d3602d129765","International Trade Centre",,,,,,,"intracen.org",,"Very weak","2024-06-07T15:44:52Z"
"51a92576-c74b-4459-8e3f-86dfc4702d4c","Grupo Bimbo",,,,,,,"grupobimbo.com",,,"2023-07-26T16:00:00Z"
"8413b949-392d-43ca-b5d0-a17618a0bcf8","Unisinos",,,,,,,"unisinos.br",,"Very weak","2024-12-15T13:56:38Z"
"6b4ab869-0610-4d15-b758-b56195ed4971","Queen Mary University of London",,,,,,,"qmul.ac.uk",,,"2022-03-11T15:11:38Z"
"c3c73886-18f0-4cee-93e6-25933c77ab20","Ibero",,,,,,,"ibero.mx",,"Good","2026-04-14T13:19:24Z"
"de6472d2-8b92-469f-9cb4-b2369e0f7fb1","Mercado Libre",,,,,,,"mercadolibre.com.mx",,"Very weak","2026-05-05T16:07:17Z"
"250c7727-7ac4-4cf2-95cd-feb999c4d297","Boehringer Ingelheim",,,,,,,"boehringer-ingelheim.com",,"Very weak","2026-01-29T22:15:00Z"
"60602361-bdcf-48bf-a335-52c86c2fd21b","Rest of World",,,,,,,"restofworld.org",,"Weak","2024-10-21T23:00:00Z"
"c7df7cc4-2fe4-47dc-ab44-4a58ed8e5ef4","Lancaster University",,,,,,,"lancaster.ac.uk",,"Very weak","2024-12-15T13:56:38Z"
"1b4f7442-e04b-4ca2-8917-7922735dc05a","Inter-American Development Bank",,,,,,,"iadb.org",,"Very strong","2025-12-19T14:47:50Z"
"4ab793a1-5594-41fa-9e2f-32e732e0ea9e","ITAM",,,,,,,"itam.mx",,,"2023-11-17T01:52:37Z"
"d320c923-a305-482f-ac76-a04e70a12442","Higher Colleges of Technology",,,,,,,"hct.ac.ae",,,"2022-04-25T14:00:00Z"
"b916e68d-92fd-41d9-a5dd-ed3b06c918e7","Vanderbilt University",,,,,,,"vanderbilt.edu",,,"2023-10-24T19:30:37Z"
"ab2272da-1baa-40fe-a1c1-b4594b2ed0d0","University of Delaware",,,,,,,"udel.edu",,"Very weak","2025-01-10T14:00:00Z"
"ccdd1f2d-32ef-415f-b442-09ab84e5396e","Cargill",,,,,,,"cargill.com",,"Strong","2025-08-11T22:50:05Z"
"19698551-0038-4252-a46b-879edc020820","German Marshall Fund of the United States",,,,,,,"gmfus.org",,"Weak","2025-06-12T06:31:41Z"
"fcdf9bb3-7278-4201-bdef-d25133a986c3","University of the Arts London",,,,,,,"arts.ac.uk",,"Very weak","2024-12-15T13:56:38Z"
"8b245838-8afe-4542-815b-69839836739a","Citi",,,,,,,"citi.com",,,"2023-09-27T01:00:00Z"
"965571d2-68f8-421d-89e3-3be051874441","André Simonazzi",,,,,,,"eda.admin.ch",,"Very weak","2025-01-23T17:45:00Z"
"04fc6cd7-ed92-435e-bc3f-a95c2e7050c4","Northeastern University",,,,,,,"northeastern.edu",,"Very weak","2025-02-05T15:00:00Z"
"53abe594-4ab8-4041-bf71-f2b4860d7832","AnitaB.org",,,,,,,"anitab.org",,"Very weak","2024-06-23T23:41:26Z"
"faaff966-607f-4439-974d-98e37138000d","Tufts University",,,,,,,"tufts.edu",,,"2022-04-25T14:00:00Z"
"59072feb-7760-4fea-be69-507e603396ba","PRODU",,,,,,,"produ.com",,"Very weak","2025-08-27T15:52:23Z"
"4123d7f1-d32b-49af-8667-5f30ddc5e6ee","Globant",,,,,,,"adbidgroup.com",,,"2023-05-10T23:14:35Z"
"07337abb-aeef-4987-b77b-d1ee3974777d","Organización Editorial Mexicana",,,,,,,"elsoldemexico.com.mx",,"Very weak","2025-05-08T16:00:00Z"
"3f33158c-db64-4660-ac07-fe469de6b37d","Organización Editorial Mexicana",,,,,,,"elsoldepuebla.com.mx",,"Very weak","2025-05-08T16:00:00Z"
"636f054a-c363-4fef-afb1-1c08cb7096ea","Organización Editorial Mexicana",,,,,,,"elsoldehermosillo.com.mx",,"Very weak","2025-05-08T16:00:00Z"
"6f770e10-bdff-4a5d-a427-de68a46f6b24","Organización Editorial Mexicana",,,,,,,"elsoldezacatecas.com.mx",,"Very weak","2025-05-08T16:00:00Z"
"9e1ca1e8-9e3c-44b5-a195-d2353cc41218","Organización Editorial Mexicana",,,,,,,"elsoldesinaloa.com.mx",,"Very weak","2025-05-08T16:00:00Z"
"b33d56f2-06e5-4211-8afb-8e323ea88b8e","Organización Editorial Mexicana",,,,,,,"oem.com.mx",,"Very weak","2025-05-08T16:00:00Z"
"bdcaddb4-4a16-43ba-becb-b2a97118fe95","Organización Editorial Mexicana",,,,,,,"elsoldetampico.com.mx",,"Very weak","2025-05-08T16:00:00Z"
"fd99b7fd-124e-477b-a2fe-56ec05736d32","Organización Editorial Mexicana",,,,,,,"elheraldodechihuahua.com.mx",,"Very weak","2025-05-08T16:00:00Z"
"d975403b-a9b4-423c-ad40-106d7d656b0e","BIVA",,,,,,,"biva.mx",,"Very weak","2024-12-10T19:00:00Z"
"60d9899a-adc9-4b9e-9ad7-15054f91a19b","Odoo",,,,,,,"editorial-santillana-mexico.odoo.com",,"Very weak","2025-01-29T18:46:42Z"
"f80605d9-9af8-44a9-9882-aa9312488482","International Republican Institute",,,,,,,"iri.org",,,"2023-09-20T19:00:00Z"
"4e6182d6-4c1c-49ea-a3fe-fbc9dcd64d2a","NH Hotels",,,,,,,"nh-hotels.com",,"Very weak","2025-03-14T16:08:45Z"
"754cce7f-21e1-4fe8-9c41-8d721929ee30","Université de Montréal",,,,,,,"umontreal.ca",,,"2024-01-29T23:59:53Z"
"52c5d21b-1c64-4d42-af8b-ccc29e34ab46","Superhuman",,,,,,,"superhuman.com",,"Very strong","2026-05-19T16:29:19Z"
"5343234f-c73d-40e1-a220-95a38532725e","European University Institute",,,,,,,"eui.eu",,,"2022-04-25T14:00:00Z"
"9d849fbb-c651-4bcc-8d47-256bace859a1","Intercom",,,,,,,"intercom.com",,,
"efb7ed9d-b09c-4cb0-83b1-98f9d23f9885","University of Amsterdam",,,,,,,"uva.nl",,,"2022-04-25T14:00:00Z"
"c358e1ac-d0f4-473e-98c9-9bbc0be520b5","Red de Universidades Anáhuac",,,,,,,"anahuac.mx",,"Good","2026-04-30T13:02:07Z"
"e155a78b-7f2c-47bb-b5f9-b30fd65988c0","Universidad Tecnológica de México",,,,,,,"mail.unitec.mx",,,"2023-05-19T17:27:14Z"
"11c852f0-44e9-4b25-922f-6b9cac4a5f3d","The American University in Cairo",,,,,,,"aucegypt.edu",,,"2022-02-17T10:45:32Z"
"3b440b01-5b0a-4cf2-bde5-284af7d24583","IAB México",,,,,,,"iabmexico.com",,"Good","2026-05-18T17:34:51Z"
"875fd9c3-523b-4dc6-beb6-38745893c98e","Endeavor",,,,,,,"endeavor.org.mx",,"Very weak","2025-05-30T21:33:22Z"
"8cc3210d-3be8-453d-ab44-c8a5149581fd","GroupM",,,,,,,"groupm.com",,,"2023-01-31T16:50:00Z"
"79aa6416-7a3f-40f5-9b78-d98093b5ca0c","AB InBev",,,,,,,"ab-inbev.com",,"Very weak","2026-05-05T16:07:17Z"
"117ab902-be57-4e3c-ab0b-157e205dd1cc","Universidad Veracruzana",,,,,,,"uv.mx",,,"2022-10-06T16:49:11Z"
"60496b89-20a8-4f62-a3a8-2b250d0a1d66","Rhode Island School of Design",,,,,,,"risd.edu",,"Very weak","2024-09-12T18:16:49Z"
"22b6d14d-0aad-45b2-b65e-60c569db4272","FreshBooks",,,,,,,"freshbooks.com",,"Very weak","2024-07-23T22:40:25Z"
"c0bf8eca-fb25-4238-aff7-35297459e1ac","Havas",,,,,,,"havas.com",,,"2023-05-10T23:14:35Z"
"36b06720-dacb-4e86-a873-5f8b0c374bfc","Data Cívica",,,,,,,"datacivica.org",,"Very weak","2025-02-13T16:12:44Z"
"34e07c39-7bcc-43b2-8337-add825e6a3ce","Takeda",,,,,,,"takeda.com",,"Very weak","2025-12-19T19:03:03Z"
"6d678519-43b0-4f68-916f-d2ecce714e98","Asociación de Bancos de México",,,,,,,"abm.org.mx",,,"2023-01-16T19:11:27Z"
"7228a271-a99e-4b30-8e10-8d6486d1432f","Australian Trade and Investment Commission",,,,,,,"austrade.gov.au",,,"2022-09-22T17:08:19Z"
"11df473a-3cf4-46e2-b18f-3a6ef57e4f72","CENTRO diseño",,,,,,,"centro.edu.mx",,"Good","2025-12-03T17:16:43Z"
"2961dc8c-b280-41e8-8e7c-3b9174967473","Nanyang Technological University Singapore",,,,,,,"ntu.edu.sg",,,"2022-03-21T15:00:00Z"
"49ce118e-6e4f-4c01-9395-91816c453b18","Graduate Institute",,,,,,,"graduateinstitute.ch",,,"2023-10-16T19:29:29Z"
"5b4bdf9c-cbad-4978-9c95-f25b8d27cb41","Future of Privacy Forum",,,,,,,"fpf.org",,,"2022-04-25T14:00:00Z"
"df5ef370-aeb1-45bc-b0dc-3cec4c765b31","Cámara Mexicana de la Industria de la Construcción",,,,,,,"cmic.org",,"Very weak","2025-05-08T00:59:42Z"
"c504cbf5-ff48-4ebe-898c-1da06140a35e","Mindshare",,,,,,,"mindshareworld.com",,,"2023-01-31T16:50:00Z"
"a7d491d6-70d5-4ec7-9846-c6ad1960fd9b","Deutsche Gesellschaft für Auswärtige Politik e.V.",,,,,,,"dgap.org",,,"2024-05-15T16:50:36Z"
"6d1c75cf-63a0-4d36-8980-e89d324bf70b","CEMDA",,,,,,,"cemda.org.mx",,,"2023-11-23T01:12:30Z"
"669c361a-4672-4286-8500-25ed09602476","makesense",,,,,,,"makesense.org",,"Very weak","2024-09-23T19:34:26Z"
"e9afb5c6-06c5-4026-82c1-daa939b054d1","Tec-Check",,,,,,,"tec-check.com.mx",,"Very weak","2024-10-31T18:54:00Z"
"7524aa4f-651a-41c3-91a3-7ca07ba5b595","Intelisis",,,,,,,"intelisis.com",,,
"d0b2fb44-9ed9-40a5-9a83-f33a448b9374","Fuckup Nights",,,,,,,"fuckupnights.com",,,"2023-09-27T01:00:00Z"
"e2e91029-a0a8-406e-abae-67a3df5bfc21","Invest Ottawa",,,,,,,"investottawa.ca",,,"2024-02-22T22:20:53Z"
"02ea2cc4-6a44-4c4a-926e-d4b5fe012cd3","College of Europe",,,,,,,"coleurope.eu",,,"2022-04-25T14:00:00Z"
"7b74cc31-22c3-4299-8988-31771da07db9","Calendly",,,,,,,"calendly.com",,"Weak","2025-07-09T22:00:00Z"
"a4c9f3b9-4d0c-49a7-92e4-8ad6dbdc0e67","Linktree",,,,,,,"meximalist.com",,"Very weak","2025-07-01T11:58:07Z"
"da1d0b51-4f0d-40b8-a0bf-dec5f599d153","Fintual",,,,,,,"fintual.com",,"Strong","2026-05-15T19:31:02Z"
"6ff0349c-09be-409c-8de3-25cfa7aecf39","Klaviyo",,,,,,,"shared.klaviyomail.com",,"Very weak","2025-10-16T19:58:31Z"
"619bd3c0-7c7f-48b9-adaa-f81c56c2cb43","Friedrich Naumann Foundation for Freedom",,,,,,,"freiheit.org",,,"2024-05-15T16:50:36Z"
"80775d31-d4b4-4c0c-b00e-786f10b04ee9","Dynatrace",,,,,,,"dynatrace.com",,"Very weak","2024-08-29T17:30:00Z"
"87a2f424-021a-4161-82e4-89c16f5c6971","DI - Dansk Industri",,,,,,,"di.dk",,"Very weak","2026-02-10T14:10:24Z"
"03af7de6-14ec-44cf-a46a-1fb4d02bf4b3","Universidad Iberoamericana",,,,,,,"est.unibe.edu.do",,"Very weak","2024-08-25T13:49:03Z"
"53b0edc6-9901-400d-b693-38fd9ec3017d","Universidad Iberoamericana",,,,,,,"unibe.edu.do",,"Very weak","2024-08-25T13:49:03Z"
"196ff5ad-1d6a-4c5a-bc9d-71f4e642cf89","Laboratoria",,,,,,,"laboratoria.la",,"Good","2026-05-18T18:05:50Z"
"d2db6091-3d50-4f59-a36f-9e642ec4563b","AngelHack",,,,,,,"angelhack.com",,,"2024-05-08T08:45:26Z"
"40e7bd27-5b12-4a27-828d-40eadc2451c6","IE University",,,,,,,"alumni.ie.edu",,"Very weak","2026-05-05T16:07:17Z"
"cd1ad04e-93e7-4cc8-ac90-b5f358fcfc93","Danmarks Tekniske Universitet - DTU",,,,,,,"adm.dtu.dk",,,"2024-03-07T13:35:30Z"
"df828cfc-8d6f-4bc3-9fa0-5b770f25cd41","Danmarks Tekniske Universitet - DTU",,,,,,,"dtu.dk",,,"2024-03-02T20:49:03Z"
"8fa9d38a-27c1-4abc-b081-9934f4b07a89","Universidad del Desarrollo",,,,,,,"mailudd.udd.cl",,"Very weak","2025-04-30T23:57:20Z"
"66eef40f-add0-4999-a1a8-235d966028c8","allvp",,,,,,,"hi.vc",,"Weak","2026-04-24T12:18:12Z"
"c76ca498-85df-4be8-917f-32fc427f3d19","allvp",,,,,,,"allvp.vc",,,"2023-09-27T01:00:00Z"
"25242054-6994-4a55-bb3c-e0dbdbb73db7","Santillana Latinoamérica",,,,,,,"santillana.com",,"Good","2025-10-02T09:44:20Z"
"ef7f7005-61fb-4839-9643-076c98056ea4","Talent Network",,,,,,,"talent-network.org",,"Weak","2026-05-19T17:59:40Z"
"8353ec35-d017-4d31-80d4-0cbc7edd90ff","IMEF",,,,,,,"imef.org.mx",,"Very weak","2024-11-27T00:32:44Z"
"7df7f6d6-3b92-49a0-ac54-00548d105080","Københavns Universitet",,,,,,,"adm.ku.dk",,"Very weak","2024-08-21T11:08:53Z"
"b13811e0-8765-443f-bd5f-d065ed8754b6","Københavns Universitet",,,,,,,"alumni.ku.dk",,,"2022-04-25T14:00:00Z"
"7f764c0a-3c90-4c91-bf33-1da53d7d073a","INCmty",,,,,,,"incmty.com",,"Very weak","2025-03-16T22:48:39Z"
"168fd8b9-409e-48bc-9eec-f496fe79a57e","NIIT",,,,,,,"niitmts.com",,"Weak","2025-09-11T01:15:25Z"
"65c638d6-3782-4a02-9bca-338224d49604","Kelly Services",,,,,,,"kellyservices.com",,"Strong","2026-05-15T20:28:33Z"
"08cd8ac8-c49a-4fa8-a9e9-55d1af4fd11c","Porter Novelli",,,,,,,"porternovelli.mx",,,"2024-02-12T23:00:00Z"
"3e514f64-9595-41f9-acd1-cd7009270476","ActiveCampaign",,,,,,,"s4.csa2.acemsa2.com",,"Very weak","2025-07-11T00:17:20Z"
"f7bf2a1e-a7b1-423c-a4b7-7ed183b07016","Vassar College",,,,,,,"alum.vassar.edu",,,"2023-10-24T19:30:37Z"
"29e80e1a-72d8-415a-8411-5481bc528d76","Poder Judicial de Puerto Rico",,,,,,,"poderjudicial.pr",,,"2022-03-11T15:11:38Z"
"4da6f103-3b52-42f7-9086-5c4b5e5225a0","FinTech México",,,,,,,"fintechmexico.org",,,"2024-02-22T01:48:28Z"
"232021a3-b1a6-47e9-89fe-2e48ebb7fbea","F6S",,,,,,,"f6s.com",,"Very strong","2026-05-14T15:12:01Z"
"24598b0e-49b0-4ecf-8456-f1bc4eadd75c","Campbell University",,,,,,,"campbell.edu",,,"2022-04-25T14:00:00Z"
"ca83c7d4-ce04-4715-8549-171ad75ad77b","t-online",,,,,,,"t-online.de",,,"2023-10-24T19:30:37Z"
"e44161ff-d7e7-4936-ad97-2e15f5e39b82","Universität St.Gallen",,,,,,,"unisg.ch",,"Very weak","2025-01-20T14:10:00Z"
"cf4d69d2-a608-4213-b0d5-17fc9911055a","Coppel",,,,,,,"coppel.com",,"Weak","2026-05-05T16:07:17Z"
"07cf72f4-8d79-4d26-99c0-4de772f84609","GBM",,,,,,,"gbm.com",,,"2024-05-17T14:27:19Z"
"fceb9ed0-8b15-4d14-bb29-8e31328e9aab","Starcom Worldwide",,,,,,,"starcomww.com",,"Good","2025-04-29T19:00:09Z"
"1532b9b5-c0ca-4f7a-ac09-e762d6304b62","Women in AI",,,,,,,"womeninai.co",,,"2023-10-26T16:35:21Z"
"900645cb-1c9f-4b87-8c2f-eb9dccf48fc4","Finnovista",,,,,,,"finnovista.com",,,"2023-10-24T21:08:22Z"
"adb1f79f-bb6b-4d1d-97c2-22ab41401f35","Le Wagon",,,,,,,"lewagon.org",,"Very weak","2025-08-07T20:35:29Z"
"71901562-f5cd-48a1-8d99-016d28067b7c","MSU Denver",,,,,,,"msudenver.edu",,,"2023-10-24T19:30:37Z"
"16d22115-83f2-497b-8150-1645727130ab","ADM",,,,,,,"adm.com",,"Very weak","2024-08-14T02:29:23Z"
"c0bac321-88e6-40d3-b041-ec5bb9e30f34","Clemson University",,,,,,,"g.clemson.edu",,,"2023-10-24T19:30:37Z"
"4dc3c6f2-0f12-4cc1-945f-47bb40fe5014","NFTE",,,,,,,"nfte.com",,"Very weak","2025-01-23T16:29:38Z"
"2ba048b3-f168-4ab6-9437-287c3caded80","Nas",,,,,,,"community.nas.io",,"Very strong","2026-05-19T13:30:31Z"
"caf0e9e1-f23c-41ca-915e-e0d0fbc341a9","Nas",,,,,,,"nas.io",,"Very strong","2026-04-26T14:15:11Z"
"c48983bc-f672-4baf-9d75-63404df99cb1","Inspired Selection",,,,,,,"inspiredselection.com",,"Very weak","2024-09-23T23:40:26Z"
"248415d5-7e70-4a5a-b042-66786292cf60","MDA",,,,,,,"mda.space",,,"2022-04-12T23:01:15Z"
"62766f86-c755-400d-a69d-9d0485b0757d","Epic Queen",,,,,,,"epicqueen.com",,"Very weak","2025-02-11T20:00:00Z"
"d5868fbf-f700-4f39-b628-503e8c2bb3f6","Afirme",,,,,,,"afirme.com",,,"2022-09-30T15:30:00Z"
"c6290638-9a6c-4a85-a10d-cbc6de1721d0","JCDecaux",,,,,,,"jcdecaux.com",,"Very weak","2026-05-05T16:07:17Z"
"57c5d09e-48c4-4f68-a489-90f22d8302a5","Nium",,,,,,,"nium.com",,,"2023-09-27T01:00:00Z"
"93b14d76-75c6-4525-bc80-4b0864dd9032","Spark Foundry",,,,,,,"sparkfoundryww.com",,,"2024-02-22T00:00:00Z"
"8eafd78c-9ad8-48a7-8b81-21cf0c38159f","Fundación Beca",,,,,,,"fundacionbeca.net",,,"2024-01-05T11:29:08Z"
"31025c76-c63a-440a-9ff9-240d44c072e1","Association of Learned and Professional Society Publishers",,,,,,,"alpsp.org",,"Very weak","2024-09-30T13:00:17Z"
"195e83d7-180c-4910-bc6c-12a7374c1689","UNOi",,,,,,,"unoi.com",,"Very weak","2024-09-18T12:29:04Z"
"1a864a7f-c948-4902-a940-8b7be3c5d2e5","Majal.org",,,,,,,"majal.org",,"Very weak","2025-02-05T15:00:00Z"
"23ce4af3-51b3-4781-aeb8-2ece9e02b29d","Pierre Fabre",,,,,,,"pierre-fabre.com",,"Very weak","2025-06-03T03:02:35Z"
"1ffd4b71-92ff-4472-baa2-0929017aec57","Kueski",,,,,,,"kueski.com",,"Very weak","2025-12-08T13:41:38Z"
"78ac63c5-271b-4b6a-b4d2-23a311913126","IGNIA Partners",,,,,,,"ignia.vc",,"Very weak","2025-05-30T21:33:22Z"
"68d2968b-dffb-43ba-bb14-486e273a3ac3","Helen",,,,,,,"helen.fi",,"Very weak","2024-12-03T14:00:00Z"
"169d42de-adad-49d7-bda3-8e2f47703fdf","Dalia Empower",,,,,,,"daliaempower.com",,"Very weak","2025-05-30T21:34:30Z"
"e1f787e0-e1ce-47f6-8f01-cebcda8672a7","Data-Pop Alliance",,,,,,,"datapopalliance.org",,"Very weak","2025-02-05T15:00:00Z"
"f9672286-929b-43ec-a8b2-94322a6d72a9","Karem Suarez",,,,,,,"karemsuarez.com",,"Strong","2025-12-10T09:54:10Z"
"238c95f6-884a-4919-8deb-eab087173ed5","Banco de Bogotá",,,,,,,"bancodebogota.com.co",,,"2023-05-10T23:14:35Z"
"400d8615-d6bb-4262-9c95-e7796ff8ec25","School of International Futures",,,,,,,"soif.org.uk",,"Strong","2026-05-18T16:57:27Z"
"d93d7fc3-741c-4b45-9020-f623200162d2","Multiplica",,,,,,,"multiplica.com",,,"2023-04-20T19:27:54Z"
"3c2d3752-b199-4d4a-ae2b-3828ed46a8b9","ICIC - Instituto de la Capacitación de la Industria de la Construcción",,,,,,,"icic.org.mx",,"Very weak","2025-03-06T15:00:00Z"
"8db4592b-0a31-4648-ae64-b79c74b9cea7","BanCoppel",,,,,,,"bancoppel.com",,,"2023-02-11T18:40:28Z"
"7e1bc7e9-a23c-4159-bf91-006854cf3fd5","Posteo.de",,,,,,,"posteo.net",,"Very weak","2024-09-23T23:40:26Z"
"f211e4ba-fb44-4e6a-84ed-c3d6c4829acb","Egencia",,,,,,,"mail.egencia.se",,,"2023-06-23T23:20:00Z"
"fd0e7d19-044f-4c7b-bf4f-b38ff87e020e","Finnosummit",,,,,,,"finnosummit.com",,"Weak","2026-05-05T20:47:04Z"
"a7e41f32-0b79-44e7-8863-440c415b03bf","UVP Campus Puebla",,,,,,,"uvp.mx",,"Very weak","2024-09-09T23:10:16Z"
"366555aa-b37e-4231-bd6a-936ae75fdb8e","Skydive Cuautla",,,,,,,"skydivecuautla.com",,,"2024-03-27T17:38:54Z"
"686607db-980c-4d36-9145-095746446639","Customer.io",,,,,,,"unsubscribe-eu.customer.io",,"Very weak","2024-06-17T10:20:25Z"
"d0462981-9151-4d79-8b0c-7ae41f58cc25","Customer.io",,,,,,,"unsubscribe2.customer.io",,,"2023-08-13T20:30:35Z"
"93912dee-61e2-4881-b004-e591b1b4291f","BanBajío",,,,,,,"bb.com.mx",,,"2023-01-18T22:24:42Z"
"d14388ac-be24-468f-ac93-0f6c0d0fc465","EARTH University",,,,,,,"earth.ac.cr",,,"2024-04-11T12:31:36Z"
"a4b7719c-b043-46c4-a355-254a9a1bf11a","MCK Expertos Digitales",,,,,,,"mck.agency",,,"2022-04-22T23:52:06Z"
"b48ef378-bb30-46bc-8305-23e7f8f7bd55","DataGénero - Observatorio",,,,,,,"datagenero.org",,,"2023-03-28T14:58:51Z"
"3a587773-0bde-4817-8089-2c147f35b6e5","AMVO",,,,,,,"amvo.org.mx",,"Very weak","2024-12-23T22:42:46Z"
"36040f37-5440-44f0-b6ea-e8976a415e02","Canvas8",,,,,,,"canvas8.com",,"Weak","2025-10-13T18:44:41Z"
"4daff094-cd2f-400f-b274-54fd410fbf12","RiskMathics Financial Institute",,,,,,,"riskmathics.com",,"Strong","2026-05-08T15:51:46Z"
"5ed96057-7028-43dc-bdae-75faa38da225","C Minds",,,,,,,"cminds.co",,"Very weak","2025-11-12T20:00:46Z"
"ec57f0fc-1103-44e3-9f41-3013f5f50ba9","MOBILITY ADO",,,,,,,"mobilityado.com",,"Weak","2025-12-22T15:48:56Z"
"21a47177-5c3c-4ae2-9da3-a80ad9dde8f6","Bluebox",,,,,,,"blueboxmx.com",,,"2024-01-12T23:16:02Z"
"7ef569dd-d524-4378-8af4-334dc15e6a54","Kaszek",,,,,,,"kaszek.com",,"Very weak","2025-07-15T20:30:00Z"
"adeabffb-e16e-4ba1-a07c-59f5c175fa20","Pocas",,,,,,,"elpocas.com",,"Good","2026-05-06T02:32:02Z"
"8cb57f19-a2a3-43e6-997d-b411ce959a92","EXL",,,,,,,"exlservice.com",,,"2024-05-16T14:00:00Z"
"9cdf7986-ca69-4fb1-84a9-93535d23b84e","Expedia Group",,,,,,,"expediagroup.com",,"Very weak","2026-05-05T16:07:17Z"
"f04502cb-8e7c-49c5-a025-843095126440","Central Media",,,,,,,"centralmedia.mx",,,"2022-08-13T17:35:25Z"
"ad7168d0-59bc-44da-b0e9-e375bfe2966a","iLab",,,,,,,"ilab.net",,,"2024-02-02T01:57:33Z"
"5cecde00-ee67-497c-ac47-dcd901bc4ebb","Galileo Financial Technologies",,,,,,,"galileo-ft.com",,,"2023-09-27T01:00:00Z"
"20e47c69-8dc7-46d0-9651-d343fc5a939d","t2ó",,,,,,,"t2o.com",,,"2023-07-07T16:36:49Z"
"a32d2071-dfeb-4bb7-a08b-98c50f3fc520","Fongit",,,,,,,"fongit.ch",,,"2022-03-21T15:00:00Z"
"a94542b2-95f1-49cd-92c9-9d7e684c31f6","Allenamenti Speakers",,,,,,,"allenamenti.com.mx",,"Very weak","2025-01-21T10:11:32Z"
"c6d2411c-0d82-496f-b70c-b6ce0c2af411","Upemor",,,,,,,"upemor.edu.mx",,,"2022-12-05T16:45:25Z"
"880c25af-b2ee-44b5-a611-1760d17d56dc","HeyGen",,,,,,,"heygen.com",,"Good","2026-04-09T16:08:02Z"
"28f95f58-3614-4def-b509-7c9e2135d7ea","Betterfly",,,,,,,"betterfly.com",,,"2023-09-27T01:00:00Z"
"24f17396-6328-45ff-b7cd-920e0f68755c","PHR Legal",,,,,,,"phrlegal.com",,"Very weak","2024-05-28T23:00:00Z"
"043df71b-0564-4df2-a7cd-66c4886e2167","Iterable",,,,,,,"unsubscribe.iterable.com",,"Very weak","2024-11-21T20:54:07Z"
"f4b951fe-0fd2-4f0a-a0b3-552de96efd10","Nowports",,,,,,,"nowports.com",,"Very weak","2024-06-10T23:42:06Z"
"df27af3d-76a6-4106-b70b-4fa6e69ad006","Enlight",,,,,,,"enlight.mx",,"Very weak","2025-06-16T15:50:57Z"
"0e1d1f95-8cba-4709-8c83-d6208d2de834","IARAN",,,,,,,"iaran.org",,"Weak","2026-04-30T07:50:20Z"
"3df51526-2fff-4887-a87b-1e274d583bf4","Cabify",,,,,,,"cabify.com",,"Very weak","2025-05-16T22:00:00Z"
"3a7c7c6b-fc69-4baa-b123-4ba551934cc9","The Trust for the Americas",,,,,,,"trust-oea.org",,,"2023-09-28T16:20:00Z"
"3ba7ba28-84f4-4c42-8024-a08c394ffbee","Xielo",,,,,,,"xielo.co",,"Very weak","2025-05-14T19:04:30Z"
"b0cd61f4-92c8-4e1e-9aea-974f66fe322d","Khôra",,,,,,,"withkhora.com",,,"2023-09-27T01:00:00Z"
"594a5e09-17d9-40c7-9ced-f3bc8e74f1b3","Webquitecto",,,,,,,"ecoforestco2.com",,"Very weak","2026-05-05T16:07:17Z"
"9f41390a-a59a-41fd-80f1-d7ead6885e61","Cowater International",,,,,,,"cowater.com",,,"2024-04-05T03:30:14Z"
"bd1b2db3-2750-4d95-8081-c64cce8d91b3","Fireflies.ai",,,,,,,"fireflies.ai",,"Very strong","2026-05-15T15:02:38Z"
"2ff62c8a-c277-49b2-95c6-915ff5ed5594","Collective Academy",,,,,,,"collectiveacademy.com",,"Very strong","2026-04-21T21:04:11Z"
"c9bc2a69-915f-42a9-b312-3062a1e9ae9a","Ashleigh Streeter-Jones",,,,,,,"ashleighstreeterjones.com",,,"2023-09-27T14:00:00Z"
"5c90d851-52e9-430e-84ad-22580c7c227a","ifa",,,,,,,"ifa.de",,"Very weak","2025-02-05T15:00:00Z"
"19088bbb-763c-4d82-a7a3-3c61fc4898a7","Emeritus",,,,,,,"emeritus.org",,"Very weak","2025-01-20T13:31:11Z"
"208059d2-3991-48cd-9414-f2e5ac54c366","Editorial Teseo",,,,,,,"editorialteseo.com",,"Very weak","2025-02-05T15:00:00Z"
"2c0497bb-359b-4606-ab11-f1dc5bfd8629","Christel House International",,,,,,,"mx.christelhouse.org",,,"2023-10-02T19:17:21Z"
"c62c0b68-2a64-417f-822c-f0f4172c8dd7","Blackbot",,,,,,,"blackbot.rocks",,"Weak","2026-04-30T21:46:17Z"
"7fa54a36-e433-4b9b-94e7-36f7873729f8","Telesign",,,,,,,"telesign.com",,,"2023-09-27T01:00:00Z"
"7ef6359d-9c8b-40b5-9a47-6d29bf29f625","FridaRuh.eth",,,,,,,"fridaruh.com",,,
"fc043407-7f68-4fb1-8345-c52a587f2802","Arena Media",,,,,,,"arenamedia.com",,,"2023-05-10T23:14:35Z"
"fc8ee713-029e-4d8f-96ef-d9ac40a69868","Nuclio Digital School",,,,,,,"nuclio.school",,"Weak","2026-03-27T15:39:01Z"
"11196c52-828e-4c44-bbfa-809a7e061d6b","Holafly",,,,,,,"holafly.com",,"Very weak","2024-12-02T14:16:01Z"
"55ee80f6-f526-4481-82ec-b4781fc3bc42","Making Sense",,,,,,,"makingsense.com",,"Very weak","2025-10-08T16:56:56Z"
"1f32002d-85c3-4f69-a33f-77b283c874f1","ifahto",,,,,,,"ifahto.com",,,"2023-11-22T22:02:41Z"
"fbe383d1-6b2f-45b6-b762-452d9b2873d1","Clientify",,,,,,,"clientify.com",,"Good","2026-01-06T17:08:18Z"
"4b6ba0aa-bae3-4488-921b-956a77f67aef","Pecuarios.com",,,,,,,"pecuarios.com",,"Very weak","2024-09-26T01:30:38Z"
"95037698-c9e0-4c25-a706-e78e3ee83c0e","Verkada",,,,,,,"verkada.com",,"Very weak","2025-12-02T17:24:27Z"
"e0e8d9ce-ae29-491b-beab-6f8aa32c5c0a","Softex",,,,,,,"softex.br",,"Very weak","2026-05-19T17:15:32Z"
"e16fb74f-fae2-4bb9-aeed-fd0b004739d1","Across the Pond - Study in Britain",,,,,,,"studyacrossthepond.com",,"Weak","2026-02-26T18:39:31Z"
"fd41ae79-8b31-4cd5-9f99-340912e40b4a","Watson Institute",,,,,,,"watson.is",,"Very weak","2025-04-29T16:00:00Z"
"969afc0d-61ba-4a2a-a85b-71752a2cf15e","Attio",,,,,,,"attio.com",,"Good","2026-05-18T15:45:03Z"
"d7911dbc-2b7f-4ef9-afd5-9f3b215fb0c9","Propelland",,,,,,,"propelland.com",,"Very weak","2024-07-26T18:32:40Z"
"11b1bc31-a359-42b1-8d94-277691d6e74b","OS City",,,,,,,"os.city",,"Very weak","2025-05-30T21:33:22Z"
"bf2241a0-1463-4de5-9bf6-06f5d80dcf21","Acadium",,,,,,,"acadium.com",,"Very strong","2026-05-17T12:01:40Z"
"523d8494-e7ed-4c38-88ea-4bbc6bb37da3","Wanda Muñoz",,,,,,,"wandamunoz.com",,"Very weak","2025-02-05T15:00:00Z"
"8b0a279f-35a0-4d3f-b306-781ad0913fd7","Pogen",,,,,,,"pogen.mx",,,"2023-05-15T23:00:00Z"
"cb6e581b-779d-4a9f-848b-3df9e418dcce","ISDI",,,,,,,"isdi.education",,"Very strong","2026-04-29T15:45:00Z"
"f42546eb-cd94-4440-ab46-2736c5526067","SchoolDash",,,,,,,"schooldash.com",,"Very weak","2024-09-23T23:40:26Z"
"ee9d03da-454e-42ab-b810-89d4c7c9aaae","AUTOCOM",,,,,,,"autocom.mx",,,"2023-08-31T17:00:00Z"
"bf9b4109-37ce-4e16-8f7c-fe7ec7630d87","Centro México Digital",,,,,,,"centromexico.digital",,,"2024-02-22T01:48:28Z"
"31d92d2b-4d65-42a1-abf6-e9868f110825","Gamma",,,,,,,"gamma.app",,"Very weak","2025-11-30T19:21:43Z"
"283fe82c-042e-4bcd-ab33-55daf925d16a","Conferencistas México",,,,,,,"conferencistasmexico.com",,"Very weak","2025-08-26T01:30:16Z"
"ef206d3b-90ab-4101-92e1-29372f870e8d","NINCH",,,,,,,"ninchcompany.com",,"Weak","2025-07-01T19:59:08Z"
"1e678e12-33f1-47b1-97d8-3c598705d0b1","Wizeline",,,,,,,"wizeline.com",,"Very weak","2024-06-10T23:42:06Z"
"270fbd34-8280-4e5e-9f11-447f2faefff3","Laika Mascotas",,,,,,,"laika.com.co",,,"2023-05-10T23:14:35Z"
"7f5185ad-e484-47b8-b586-c063d54197ea","Belvo",,,,,,,"belvo.com",,,"2023-09-27T01:00:00Z"
"22b4c695-6df9-4b9d-bf07-afa38729cef1","3BL Associates",,,,,,,"3blassociates.com",,"Very weak","2025-01-10T14:00:00Z"
"96b73ae1-99dc-4c40-99ec-55dfb3f5e5ae","Ubits",,,,,,,"ubits.co",,,"2021-11-10T18:38:59Z"
"6f8c5e4e-9d0f-41c2-87ea-e01837f83afe","Adivor",,,,,,,"adivor.com",,"Very weak","2025-08-13T22:00:00Z"
"a6d5b8cb-2c09-42ba-9307-e47590a3b21e","Get Sh!t Done",,,,,,,"shegetsshitdone.com",,"Very weak","2024-06-23T23:41:26Z"
"58830c9a-561c-4b28-a049-751cd0989499","Miranda Partners",,,,,,,"miranda-partners.com",,"Strong","2025-05-07T21:23:36Z"
"901707e4-ff0c-4d1b-9d4f-50e025873988","Miranda Global Research",,,,,,,"miranda-gr.com",,"Good","2025-03-18T20:20:19Z"
"5b9689ec-dac4-49d6-b227-dae48af827c0","Grupo Corintio",,,,,,,"grupocorintio.com",,"Very weak","2025-01-10T23:13:25Z"
"5779fc5c-b2bf-431d-8a5f-67698765d3c5","Colegio de Matemáticas Bourbaki",,,,,,,"escuela-bourbaki.com",,"Very weak","2024-06-13T02:35:13Z"
"81c28060-bddb-4ec4-a950-4010ca7bbc48","Colegio de Matemáticas Bourbaki",,,,,,,"colegio-bourbaki.com",,"Very weak","2024-06-13T02:35:13Z"
"a1df2ecf-4470-41ab-81bd-91dcc38e8824","Hospital Galenia",,,,,,,"hospitalgalenia.com",,,"2023-08-24T09:05:19Z"
"2e46cfa6-d453-41a4-be8a-39bb4a919ffe","Maria Halse",,,,,,,"mariahalseduloquin.com",,"Very weak","2024-12-19T20:42:14Z"
"067740f3-1eed-451f-981c-995101db35da","Evidens",,,,,,,"evidens.com.mx",,,"2024-02-12T23:00:00Z"
"6de0872c-cb40-4e8c-8496-9cdd94b941bc","Meraki Mexico",,,,,,,"merakimexico.com",,"Very weak","2026-02-08T16:00:48Z"
"07e7d9d1-11de-4f2c-8c3f-f473d87226d2","PIT Policy Lab",,,,,,,"policylab.tech",,"Very weak","2025-11-12T20:00:46Z"
"ffeda3a8-3036-4126-93f8-9a830fe4300a","Getnet",,,,,,,"getnet.mx",,,"2023-09-27T01:00:00Z"
"b264a567-ad31-46bf-bbbe-006902e40cb8","Center for AI and Digital Policy",,,,,,,"caidp.org",,,"2024-02-05T12:31:06Z"
"08e85d81-a3f8-4395-959f-30483f4b518b","lajabonera",,,,,,,"lajabonera.com",,,"2024-02-12T23:00:00Z"
"7efd2708-86c4-4761-9840-155ff11a9d10","Creatividad",,,,,,,"creatividad.com",,"Very weak","2025-07-21T18:34:09Z"
"47f7449e-d7c9-4167-81b0-f69559adbc4e","Vokal",,,,,,,"vokal.io",,,"2022-03-22T21:50:55Z"
"d0bfe8a9-351d-48db-9cbd-4374351ad6c8","AI for Peace",,,,,,,"aiforpeace.org",,"Very weak","2025-02-05T15:00:00Z"
"12f419a5-e637-46a9-8cec-0ba56c8fe623","iupana news",,,,,,,"iupana.com",,,"2023-09-27T01:00:00Z"
"6392ff04-2f93-466f-853f-3d9d949f272a","Clúster de Tecnologías de la Información de Guanajuato",,,,,,,"clutig.com",,,"2023-09-03T00:45:50Z"
"05a0611a-73f8-4a4d-8f0f-123d657d5426","MoonMakers",,,,,,,"moonmakers.org",,,"2023-11-02T22:00:00Z"
"6f9b4e77-97c7-4f9e-8f83-969954b2c5db","Puntored",,,,,,,"puntored.co",,"Very weak","2024-05-28T23:00:00Z"
"0fc0b481-0fc3-483b-8a18-9af0c8894076","AIEMAC",,,,,,,"aiemac.org.mx",,"Very weak","2024-07-19T20:25:34Z"
"caa304b5-30cb-4ba1-a6bc-c3b4289be45a","UNIVERSIDAD AMERIKE",,,,,,,"amerike.edu.mx",,"Very weak","2024-08-15T03:04:15Z"
"03989cd1-4087-4dd4-9457-1486ff5ed225","CACECA",,,,,,,"caceca.org",,"Very weak","2024-10-17T19:52:23Z"
"e4b2e87b-8da1-4864-9190-5a22058d7798","VASS",,,,,,,"vasscompany.com",,"Very weak","2024-10-04T19:00:00Z"
"78e4b902-6a9e-49af-b924-dff5da0cee4b","Consejo Coordinador Empresarial de Irapuato A.C®",,,,,,,"cceirapuato.org",,,"2024-04-08T23:50:06Z"
"438b42c1-402c-4a92-a826-a192254e3935","Syncfy",,,,,,,"syncfy.com",,,"2023-09-27T01:00:00Z"
"4ba6cb00-7e37-4b79-a7c6-9ea7a9c98d25","Alfasigma",,,,,,,"alfasigma.com",,"Good","2025-08-22T16:11:24Z"
"aa2e94bb-bde2-4a73-85a2-99f9f9c963c0","University of Ottawa",,,,,,,"uottawa.ca",,,"2024-01-30T17:45:09Z"
"25367c21-311f-40c2-8895-9b58e41fb5d9","Incode",,,,,,,"incode.com",,,"2023-09-27T01:00:00Z"
"0e13ee39-5e45-447c-bb64-f53d65f6492b","makers.build",,,,,,,"makers.build",,,"2023-12-12T14:28:35Z"
"10ce5eff-63f5-41f8-9664-a287a1db4e8e","finvero",,,,,,,"finvero.com",,,"2023-09-27T01:00:00Z"
"fff3ef89-a459-4184-87da-41c06eda936c","Rubberband Design Studio V3",,,,,,,"rubberbandpr.com",,"Weak","2026-02-27T17:00:00Z"
"5b225512-dca4-42c4-bb2d-dac478746a81","Trustnet",,,,,,,"trustnet.com.mx",,,"2023-09-09T05:36:52Z"
"544b7f8e-fb50-4b7c-8e5e-d17a1cef58cc","TMI abogados",,,,,,,"tmilaw.com.mx",,"Very weak","2025-02-13T16:12:44Z"
"2c28ed60-e24d-4b62-9a82-0a2e02fb2e21","Auronix",,,,,,,"auronix.com",,"Very weak","2026-05-05T16:07:17Z"
"223f02a1-504c-44fe-bb04-9725a4e21e3b","COVAF",,,,,,,"covaf.com",,,"2023-02-11T17:57:31Z"
"b85ab36e-d01c-4d06-88fd-907c1227fb14","Bluemessaging",,,,,,,"bluemessaging.com",,"Very weak","2024-06-10T23:42:06Z"
"b81df182-20ab-4320-b301-fa623459e714","Institute for Integrated Transitions",,,,,,,"ifit-transitions.org",,"Very weak","2025-02-05T15:00:00Z"
"8d9e8282-5f16-4663-a35e-75483c7fb764","Brutal Rocks",,,,,,,"brutalrocks.com",,,"2024-04-15T02:16:01Z"
"e4c63039-7341-4616-823c-4dabd5e4e0db","Robert Malka",,,,,,,"malkarobert.com",,,"2022-04-25T14:00:00Z"
"3b42aadb-81b9-41a1-9049-2b445b87d061","Altazor Intelligence",,,,,,,"altazor.com.mx",,,"2024-02-12T23:00:00Z"
"41d6dd94-6457-487c-a910-0e91e04ddef4","CheckRocket",,,,,,,"checkrocket.com",,"Very weak","2024-10-16T15:00:00Z"
"34d98deb-9438-4101-baf3-144b1275d6b1","MNLU Mumbai",,,,,,,"mnlumumbai.edu.in",,,"2022-04-25T14:00:00Z"
"8724298b-c484-48d5-979c-c9105013adae","RWTH Aachen University",,,,,,,"kg.rwth-aachen.de",,"Very weak","2025-02-05T15:00:00Z"
"849ac062-76dc-40e3-8979-4cd18b189cee","diMarka",,,,,,,"dimarka.com",,"Very weak","2024-05-28T23:00:00Z"
"5c7eb6a7-645c-4eab-be7d-e926ea3cf5f2","Ultiself",,,,,,,"ultiself.com",,,"2023-12-01T21:10:04Z"
"5638c1e2-15b4-4565-ae7f-a381d4c4c526","Obok",,,,,,,"getobok.com",,"Weak","2025-04-25T20:38:34Z"
"d84c4885-e548-4d00-83cc-55feca1a5a23","Worky",,,,,,,"worky.mx",,,"2023-09-27T01:00:00Z"
"53d106fd-64a0-4994-9032-91fc366c7191","PRIM Eventos",,,,,,,"prim.com.mx",,"Very weak","2024-10-05T00:37:23Z"
"0e6a5a25-570e-4a85-bfb6-df79b421864d","ItSerra",,,,,,,"itserra.com",,,"2023-09-29T07:46:55Z"
"049f27d6-20b9-4438-a8b6-c69f4ce2af02","Euronet Worldwide",,,,,,,"euronetworldwide.com",,,"2023-09-27T01:00:00Z"
"6ff549de-808a-4955-a2d9-07d09462661a","Comunicación",,,,,,,"emaly.com.mx",,"Very weak","2025-10-06T17:00:00Z"
"71a145de-0e1a-4846-beb2-730b5701f927","VR Demons",,,,,,,"vrdemons.com",,,"2024-03-15T22:05:51Z"
"4c131ab6-6d17-489a-9b49-630850467570","PublicisLive",,,,,,,"publicislive.com",,"Very weak","2024-11-18T23:16:13Z"
"9f0aaeda-826f-49e6-82f0-d290dd56ac9e","Latino Seguros Oficial",,,,,,,"latinoseguros.com.mx",,"Very weak","2025-05-26T19:46:26Z"
"1eac0592-be85-4619-bac2-6fcf48963287","Lapi Laboratorio Médico",,,,,,,"lapi.com.mx",,,"2023-09-21T04:01:09Z"
"60454cb1-8f2e-44d7-8641-ef635c8d37fa","Clupp Seguro de auto, seguro de moto, seguro de bici",,,,,,,"clupp.com.mx",,,"2023-09-27T01:00:00Z"
"8d629353-d3c8-4972-a6d1-1d783f5e5390","Crehana",,,,,,,"crehana.com",,"Weak","2026-02-01T12:01:39Z"
"00c96b5c-cac0-4458-a222-5d22276ecf91","STRATOP RISK CONSULTING",,,,,,,"stratoprisk.com",,,"2024-02-22T01:48:28Z"
"e71dcb98-7986-4aa2-9495-f65628925c29","Mendel",,,,,,,"mendel.com",,"Very weak","2026-05-05T16:07:17Z"
"568ac857-b1d8-41af-b11e-2ce84159c7cb","MCM Telecom",,,,,,,"mcmtelecom.com.mx",,,"2023-12-19T20:00:00Z"
"c962cf6b-e3e4-47d5-aac0-4528a437682a","Simalco",,,,,,,"simalco.com",,"Weak","2025-09-03T18:08:45Z"
"c51e73ac-8e69-4be0-ad3c-0a3ea121e958","entropía.ai",,,,,,,"entropia.ai",,"Very weak","2024-05-25T00:03:19Z"
"6f2983eb-41af-467a-b597-adc7431e0d83","TECNOGAMA",,,,,,,"tecnogama.com",,,"2024-04-09T18:59:30Z"
"70c95f97-cf73-49eb-97a3-f7ac084ee789","Future Urban Living",,,,,,,"futureurbanliving.com",,,"2021-11-10T15:30:00Z"
"81b11a56-50e9-4534-b0a7-7cc4e736ce6a","Rankmi",,,,,,,"rankmi.com",,"Very weak","2025-10-20T23:55:29Z"
"add8b5f5-4659-4432-a418-116f972c1b8b","MMA Global Indonesia",,,,,,,"mmaglobal.com",,"Good","2025-09-16T19:30:00Z"
"64e8bdb4-01f0-477f-82b5-ae8a2fbe5386","HR Management S.A.S.",,,,,,,"hrmanagement.com.co",,"Very weak","2024-05-28T23:00:00Z"
"874e7181-a87e-4a3a-a38f-ce7182939b68","Vadi Exchange",,,,,,,"vadi.com.mx",,,"2023-09-27T01:00:00Z"
"1fe76fbe-e9c3-496a-b9ee-059e786d9d7f","GRUPO HYCSA",,,,,,,"grupohycsa.mx",,,"2023-11-17T01:52:37Z"
"1fc22fdf-26a3-423e-bf18-4435054cc574","DESMEX",,,,,,,"desmex.com",,"Very weak","2025-07-03T14:58:41Z"
"a488c6ce-dfc5-4951-8a99-25148b5decce","Fireblaze",,,,,,,"fireblazeaischool.in",,,"2022-03-21T15:00:00Z"
"ae4f906e-0c24-493d-8ce3-2f5408c30e23","MW Group",,,,,,,"mwgroup.com.mx",,"Very weak","2026-05-05T16:07:17Z"
"0495e7a2-82da-4ed3-8277-f51bd8d05c59","Newrona",,,,,,,"newrona.net",,"Very weak","2024-05-28T23:00:00Z"
"469dcee8-b9c0-41b6-881d-90911e9c34f3","Skills4Good AI",,,,,,,"skills4good.com",,,"2022-04-25T14:00:00Z"
"d23d2bb2-d762-46e5-858c-af006304300e","Monex",,,,,,,"monex.com.mx",,"Very weak","2024-11-21T22:00:00Z"
"074712d3-71a2-46de-b3f0-f6336524aefc","Asamep",,,,,,,"asamep.com",,,"2023-09-27T01:00:00Z"
"1c391681-4c9f-47a7-9ccf-534ea671fc58","CEUG",,,,,,,"authentic.com.co",,"Very weak","2024-05-28T23:00:00Z"
"d74ed439-c32b-4bda-881c-ad132cc01f91","marhnos",,,,,,,"marhnos.com.mx",,"Good","2026-04-14T13:19:24Z"
"1e2f9845-afe8-4b21-b02a-fb2f8ad85416","Grupo Medios",,,,,,,"grupomedios.com",,"Very weak","2024-10-31T01:18:54Z"
"aedb1949-08bb-41b5-87c0-70bec0d382ee","Foodology",,,,,,,"foodology.com.co",,,"2022-06-06T20:50:09Z"
"41ad6ab7-f654-4278-96d0-e582b0f77194","Aidicare",,,,,,,"aidicare.com",,,"2024-02-22T01:48:28Z"
"166a1dfa-040f-47c9-8c2d-f705948ae80a","Pefai",,,,,,,"pefai.com",,"Very weak","2025-05-30T18:28:22Z"
"0f928d4c-aa97-46ea-8866-30be5fcf7837","Zumma",,,,,,,"tuzumma.com",,,"2023-09-27T01:00:00Z"
"1a9a62d2-ece2-4d2f-b7a6-2182d1a57fa2","Executive Travel SA",,,,,,,"e-travel.ch",,"Very weak","2024-11-16T19:14:46Z"
"3772bc1d-5e84-4c1a-ad80-e6bd412dbaa2","Dp House Of Media",,,,,,,"dpmediaaholics.com",,"Very weak","2025-01-10T14:00:00Z"
"e9fb895c-5935-4ad1-809e-9e18b9d9abdb","Havas Media",,,,,,,"havasmedia.com",,,"2023-05-10T23:14:35Z"
"12394f6b-f15f-4922-85cd-cf7c674e00bf","Virmar",,,,,,,"virmar.mx",,"Very weak","2026-05-05T16:07:17Z"
"3c9f831a-426a-4c72-addb-b72e6ed9a95d","JEMAAN Empresarial",,,,,,,"grupojemaan.com",,"Very weak","2025-05-01T12:27:46Z"
"025d9352-4b33-4df9-ad2c-409b50dfb583","AngelHub",,,,,,,"angelhub.mx",,"Very weak","2025-05-30T21:33:22Z"
"3c310902-5ca0-4bba-8da3-8b0c969ef2b5","Servicios Nutresa",,,,,,,"serviciosnutresa.com",,,"2023-05-10T23:14:35Z"
"a48f3cff-eb9c-4a49-b36c-c6db66673b62","Best Consulting",,,,,,,"thebestc.com",,"Very weak","2024-10-10T21:00:00Z"
"2d41fc16-6ddb-4ec4-8195-48b0d13a6448","exponentialbrand",,,,,,,"exponentialbrand.com",,"Very weak","2025-01-16T21:18:21Z"
"fb6f0be3-e26d-42d5-b8b1-244ac945a5f9","Crear Digital",,,,,,,"creardigital.com",,"Very weak","2024-05-28T23:00:00Z"
"284be9d1-9faf-4c2d-913a-e98b8dfee3c7","Heros Technology",,,,,,,"heros-technology.com",,"Very weak","2025-05-09T00:09:21Z"
"50c0b23b-18d8-4988-b4e3-f5490e3c8b7c","Heros Technology",,,,,,,"heros-corporation.com",,"Very weak","2025-05-09T00:09:21Z"
"935b9d3f-527a-4dd6-a839-c00b475d39d6","qittani",,,,,,,"qittani.com",,,"2024-02-22T00:00:00Z"
"c706cb60-ad5b-441a-82d9-6466c9d43799","AG Contadores",,,,,,,"ag-contadores.com",,,"2022-08-25T22:08:51Z"
"0046f78d-6205-47d1-832a-1f1f1085d325","Jetz",,,,,,,"jetz.app",,"Very weak","2025-12-02T17:24:27Z"
"016223e0-a4db-42de-8da3-011c83af3fcb","AI Secret",,,,,,,"aisecret.us",,"Very strong","2026-05-19T12:06:07Z"
"02b21ea0-a61c-43cb-b56e-254289df4b7f","tsomlab.com",,,,,,,"tsomlab.com",,,"2023-09-09T05:36:52Z"
"04d9d864-74e4-4d0a-b238-d6dff45f3fe6","Plan Amb",,,,,,,"planamb.com",,,"2024-05-01T21:00:00Z"
"04db88ed-d628-4c7d-8e82-c732d5368e14","Manus",,,,,,,"manusai.dev",,"Very weak","2025-04-02T00:00:00Z"
"05bd0635-069a-49f0-ad12-9acdc7d3a1d7","avaldigitallabs.com",,,,,,,"avaldigitallabs.com",,,"2023-05-10T23:14:35Z"
"05dd3723-dc6f-4dd9-b0c9-54487c076c18","unsubscribe.emailinboundprocessing.com",,,,,,,"unsubscribe.emailinboundprocessing.com",,"Very weak","2025-05-22T18:44:05Z"
"086e9493-2539-4508-a3ef-6a69e6064c59","RIBBON PROTOCOL",,,,,,,"ribbonprotocol.org",,"Very weak","2026-02-04T15:00:00Z"
"087ed9c2-b864-48ca-aa1e-16e2464204e2","Contapp",,,,,,,"contapp.com.ec",,,"2021-11-03T17:42:24Z"
"09b9cdca-3796-4200-97f3-40a1e22c9f2b","Vadi",,,,,,,"vadilatam.com",,"Very weak","2025-05-30T21:33:22Z"
"09f189b6-5d60-4d8f-bc47-a26014ac44f8","The Brand Side",,,,,,,"thebrandside.com.mx",,,"2024-04-08T23:50:06Z"
"0a130465-6e8b-45de-9844-30691ad63c69","OMD Colombia",,,,,,,"omd.com.co",,,"2023-05-10T23:14:35Z"
"0aa01a45-088e-4212-9670-1b8db6b4b456","nh-tels.com",,,,,,,"nh-tels.com",,"Very weak","2025-03-13T17:30:37Z"
"0af393d4-0ada-45bc-8a24-2216bc08fccb","unsub-nld1.mktomail.com",,,,,,,"unsub-nld1.mktomail.com",,"Very weak","2024-12-17T17:24:12Z"
"0d009227-4d66-493d-81eb-e2ab69364ef5","alcocersola.com",,,,,,,"alcocersola.com",,,"2024-03-15T22:05:51Z"
"0dc09a45-17b7-4c17-b5b8-a70c7e4d8285","Hibrids",,,,,,,"hibrids.com",,"Good","2026-02-10T18:40:00Z"
"0dc41424-2d4c-4a22-ab02-a5b87348fcec","Pet Shuttle Abroad",,,,,,,"petshuttleabroad.com",,"Weak","2025-09-16T22:05:30Z"
"0ddcfb6f-371a-4446-9a2e-c7b8f94df6d9","GarantiPLUS",,,,,,,"garantiplus.mx",,,"2023-08-31T17:00:00Z"
"0ebfc5ca-bd0c-4744-940a-d759b3bc27da","Wellhub",,,,,,,"gympass.com",,"Very weak","2026-05-18T15:16:48Z"
"0f45ae21-288b-48e1-a18c-d0192a16b508","ciforai.com",,,,,,,"ciforai.com",,,"2022-03-11T15:11:38Z"
"0f5e6e49-9adf-46c7-a3e3-577756dc2a75","Buk - RRHH para Humanos",,,,,,,"buk.mx",,,"2024-03-15T22:05:51Z"
"1025cd71-3996-4920-892d-30a9bf6bf8e2","Happy Together",,,,,,,"htcontenidos.com",,,"2023-11-09T16:46:56Z"
"10b70f44-f31f-4c63-8628-992bafbce7ae","Tree Alliance",,,,,,,"tree-alliance.com",,"Very weak","2024-06-19T20:54:08Z"
"11fe4204-e27f-410a-bc80-fb870ec9de2d","QQSLOT",,,,,,,"omib.isdi.mx",,"Very strong","2026-05-15T23:12:02Z"
"130383c3-dea6-48e5-8c10-6f55d80bc017","getaifactory.com",,,,,,,"getaifactory.com",,"Weak","2025-10-14T23:15:12Z"
"140b97ac-0443-46f1-bad1-fd793c60b980","abanteproductions.com",,,,,,,"abanteproductions.com",,"Very weak","2026-02-04T15:00:00Z"
"14479c74-9fab-475b-91fb-158db73aee9f","jmailservice.com",,,,,,,"jmailservice.com",,"Weak","2026-05-09T09:08:04Z"
"1450824b-8b30-404b-8e30-a916261be7d5","Invisible",,,,,,,"invisiblelab.es",,"Very weak","2025-04-08T15:00:00Z"
"156b8fdc-2157-4cdc-b109-a36e032511f9","WIP",,,,,,,"wip.co",,"Very strong","2026-04-16T09:49:53Z"
"15f2038d-9249-4c5e-96f5-d2f6b69a0d91","Potenttial Group",,,,,,,"potenttial.com",,"Very weak","2025-01-14T22:30:00Z"
"1747e54b-63cd-4e39-b43c-da4fbbb393f3","Contacto en Medios",,,,,,,"n.contactoenmedios.com",,,"2023-11-22T22:02:41Z"
"18177e84-0092-405c-b506-c22fa59e249b","eServices",,,,,,,"eservicesmx.com",,"Very weak","2025-07-25T18:42:23Z"
"1a17f193-a543-4f0b-8d7a-3456ef2f0bac","Handle",,,,,,,"usehandle.ai",,"Good","2026-05-16T16:06:27Z"
"1ab3e668-42f3-4156-b5ad-bb2dade14b41","tan tan",,,,,,,"tantan.solutions",,"Weak","2024-12-17T22:25:12Z"
"1bfb7890-7b58-4afe-a303-c6332d641968","toxtli.me",,,,,,,"toxtli.me",,"Very weak","2025-02-05T15:00:00Z"
"1c4725df-f519-490f-9634-c499a7d1c28f","INNIT Group",,,,,,,"innitgroup.com",,,"2024-02-22T01:48:28Z"
"1da4133b-c904-40d0-84aa-efd03ae46107","Brein",,,,,,,"brein.cl",,"Very weak","2025-06-11T20:27:06Z"
"1df8c281-c4e1-44d0-872b-ad953481b3ce","EW360",,,,,,,"ew360.mx",,"Very weak","2025-07-16T18:21:41Z"
"1e5484ed-1861-44fa-9592-7e485ee30cbf","Fluid Labs",,,,,,,"fluidlabs.org",,"Very weak","2025-08-09T19:56:39Z"
"2060a798-bfe1-4094-a3fc-6af9df29edea","unsubscribe-05.emailinboundprocessing.com",,,,,,,"unsubscribe-05.emailinboundprocessing.com",,"Very weak","2025-11-25T20:42:04Z"
"206cc549-b76b-43c1-a2be-ea6471a1f341","DiDi",,,,,,,"didiglobal.com",,"Very weak","2026-01-19T02:18:11Z"
"208efe73-0c29-411c-a18f-e8d3046972bb","MLTPLY",,,,,,,"mltply.io",,,"2023-09-27T01:00:00Z"
"20fb725c-b6d5-4d4c-bb64-736305adae8f","Federal Telecommunications Institute",,,,,,,"ift.org.mx",,"Very weak","2025-04-14T23:51:49Z"
"219ff833-64f9-4316-9eeb-614b4119aca9","Feliz con mi carrera",,,,,,,"careercompass.education",,"Very weak","2025-09-09T18:59:44Z"
"21e34341-4698-4864-aa5c-e5829db3e313","reAcción Paraguay",,,,,,,"reaccion.org.py",,"Very weak","2025-03-17T10:47:34Z"
"220cca87-b3f2-4730-9e71-77eda5c20d05","Klustomer",,,,,,,"klustomer.com",,,"2024-02-22T01:48:28Z"
"22227a0d-9eac-47a7-b72d-f248c380604f","Miranda Investor Relations",,,,,,,"miranda-ir.com",,"Very weak","2025-01-15T17:11:18Z"
"22819239-ce16-4230-9eeb-c005392a55c9","Olympic Crew",,,,,,,"olympiccrew.mx",,"Very weak","2025-03-19T14:44:12Z"
"22d1f7a6-462a-4167-adef-325f134dc641","Immigration Consultants Mexico",,,,,,,"imconmx.com",,"Very weak","2025-07-24T15:39:12Z"
"23247b7c-c80f-4c15-ba4e-30c9cfd7e42c","Colectivo23",,,,,,,"colectivo23.com",,"Strong","2026-05-15T14:44:13Z"
"232b0fe8-b651-4b3b-8393-bcb898db20ec","Masha",,,,,,,"masha.mx",,"Very weak","2025-11-18T19:00:00Z"
"244e24b8-a415-40c1-a1bf-a86a0ddbaf0b","Huemul Solutions",,,,,,,"huemulsolutions.com",,"Very weak","2025-05-16T22:00:00Z"
"247f5e16-dea5-4416-bb56-0c4692fa6b80","Nosotrx_s",,,,,,,"nosotrxs.co",,,"2024-02-22T01:48:28Z"
"25549cb2-9e06-4faf-bec8-493c514538fb","Nextec",,,,,,,"nextec.cc",,"Very weak","2024-09-17T14:00:00Z"
"255b862f-c0cc-4488-b120-3f0998588510","talentodeimpacto.com",,,,,,,"talentodeimpacto.com",,,"2024-02-16T17:59:37Z"
"270c5753-8fe5-4ae8-b6e5-de66ae051f69","presidente-imefu.com",,,,,,,"presidente-imefu.com",,"Very weak","2024-06-13T22:00:00Z"
"277b9493-2f34-4102-9e0d-54a0403ac56f","daict.com",,,,,,,"daict.com",,,"2022-03-11T15:11:38Z"
"281e3485-fb98-4ab7-9f97-ef5dc2c57dec","Centro -i para la sociedad del futuro",,,,,,,"centroi.org",,"Weak","2025-05-06T21:42:55Z"
"28daf1ce-c329-4d57-b5f7-94922a183f8c","HYVE",,,,,,,"hyve.com.mx",,,"2022-07-22T14:00:00Z"
"29c300e4-dd8b-4a9e-9ea1-eb7f39d5b4b8","SESC CONSULTORES",,,,,,,"sesc.com.mx",,,"2024-02-12T23:00:00Z"
"2bf110fe-be84-403f-8de5-6b7b5c558382","Sr. Ventas",,,,,,,"srventas.com",,"Very weak","2024-05-24T22:30:00Z"
"2cd0eda8-1133-449d-90d1-550127c177b6","Creditea",,,,,,,"creditea.mx",,"Very weak","2026-01-26T19:10:55Z"
"2ce69b4f-0507-488e-a1bb-a071a94cd3d0","Eduprenoria",,,,,,,"eduprenoria.com",,,"2023-10-24T19:30:37Z"
"2e105ea2-9e1c-4507-8322-fb8cc08aa6a7","Faissal Sharif",,,,,,,"faissalsharif.com",,"Very weak","2025-01-10T14:00:00Z"
"2e2f5a5a-e8fd-46ff-af25-fad1cccefa3c","UNAM Universidad Nacional Autónoma de México",,,,,,,"iimas.unam.mx",,"Weak","2025-10-27T20:26:09Z"
"2e6890ec-1736-4d14-9f73-ede8025ebd94","GLOU STUDIO",,,,,,,"glou.studio",,"Very weak","2024-11-11T14:30:00Z"
"2efd966e-bd98-44cb-907a-72da75468a07","Think Digital Academy",,,,,,,"thinkdigital.academy",,,"2024-05-03T01:37:21Z"
"2fcc69cc-72d9-4d7d-9c9c-4d87bd3c5079","Loyalink",,,,,,,"loyal.ink",,"Very weak","2024-10-29T02:00:00Z"
"310fcd68-f60f-4971-9cd0-d9932dee8402","Greien",,,,,,,"greien.com",,,"2022-04-25T14:00:00Z"
"31318e96-3074-4632-b16f-50c992c84b1c","Paracaidismo Deportivo Nimbus",,,,,,,"paracaidismo.mx",,,"2024-05-05T14:52:11Z"
"3180d78d-972a-4dd6-9d05-d8dbf6066987","Alberto Espinosa",,,,,,,"albertoej.com",,"Very weak","2025-06-16T20:06:00Z"
"3414297e-03a6-4507-8887-9c50462c15d0","Clip",,,,,,,"payclip.com",,"Very weak","2025-04-17T17:33:19Z"
"344fd0da-5a08-4915-9d3f-86e8e6a8188c","QQSLOT",,,,,,,"student.isdi.mx",,"Very strong","2026-05-15T23:12:02Z"
"347fdfa8-cae3-4bef-aa7c-04866ae4f83c","InStrag",,,,,,,"instrag.mx",,,"2024-05-07T19:43:28Z"
"3529dd47-8106-4090-a4c2-a0a0a6a382f9","sphera.mx",,,,,,,"sphera.mx",,,"2023-10-13T21:30:00Z"
"3569c973-1ede-4e86-95bd-ac95baf5fe8b","Worker",,,,,,,"wkr.com.ar",,,"2023-05-10T23:14:35Z"
"363968c7-19ef-4d68-9a74-00e998aa09c4","stardust.zone",,,,,,,"stardust.zone",,"Very weak","2024-05-21T18:28:06Z"
"3648a2c7-1e35-4bd5-85f2-3c2dbbdfe550","Hemoeco",,,,,,,"hemoeco.com",,"Very weak","2025-03-24T14:17:46Z"
"37bf6dee-d4ef-4253-b423-80390995f25d","BSL",,,,,,,"bslci.com",,,"2024-05-16T14:00:00Z"
"3898f8d9-6e32-4eff-b37d-8b26c4e30649","Web23 Advisors",,,,,,,"web23advisors.com",,"Very weak","2025-04-17T02:42:06Z"
"38be74c2-60cf-4aed-b80f-db287950eb23","WayLearn",,,,,,,"zonatres.org",,"Very weak","2025-02-17T22:00:00Z"
"39f6a1ca-1976-47dd-8560-65dc92241f7e","Zen High Achiever",,,,,,,"zenhighachiever.com",,,"2022-03-11T15:11:38Z"
"3ae48afa-8b14-4a24-97b6-bfd8ed14bbd8","UNAM Universidad Nacional Autónoma de México",,,,,,,"enesmorelia.unam.mx",,"Weak","2025-05-23T00:40:15Z"
"3b8143c5-4b17-4868-97ae-baad4276f106","web.de",,,,,,,"web.de",,,"2022-04-25T14:00:00Z"
"3c7997c2-8d90-47a9-8e0d-bdaf4d65acee","shared-p100-i10.d.sp1-brevo.net",,,,,,,"shared-p100-i10.d.sp1-brevo.net",,"Very weak","2025-10-08T16:56:11Z"
"3c88683e-9d4b-4023-8382-653f6b4eee83","HaleyTek",,,,,,,"haleytek.com",,,"2023-05-31T15:03:13Z"
"3dfffadb-0475-4b59-8751-d7ba7eb2ab30","Koggi",,,,,,,"koggi.co",,"Very weak","2024-05-28T23:00:00Z"
"3ec918fa-76ba-4faa-9671-b4bafd8debd0","NÜ4 Automation",,,,,,,"nu4itautomation.com",,,"2023-11-07T21:00:00Z"
"3f4c7c8b-6f5b-4a2a-b684-2e682f16992d","Yango Deli Israel",,,,,,,"yango.com",,,
"42e29426-fe8e-45e2-9041-6d70c5a4f9ad","techpolitica.com",,,,,,,"techpolitica.com",,,"2024-04-20T00:00:00Z"
"4304d4c1-04cf-4103-9a5e-b3827362dd77","American Exrepss",,,,,,,"aexp.com",,"Very weak","2025-05-06T21:52:04Z"
"44f92421-3dbe-4011-952f-8675ebba7b62","Asefimex Financiera",,,,,,,"asefimex.com",,"Good","2025-05-04T21:32:54Z"
"454cc4cb-cda5-4e25-9e7d-cfd46e684cc9","The Natural Sciences and Engineering Research Council of Canada",,,,,,,"nserc-crsng.gc.ca",,,"2024-01-29T23:59:53Z"
"4641f036-7d84-49c6-a622-c1ece5a428fd","ProyectaLab",,,,,,,"proyectalab.com.mx",,,"2022-11-04T00:10:37Z"
"4667b229-afd7-4dff-8df6-1a599dd9a861","opendiplo.de",,,,,,,"opendiplo.de",,,"2024-03-21T15:51:45Z"
"46acc740-00be-4867-8a34-950f19c4d305","Lood Studio",,,,,,,"loodstudio.mx",,,"2023-07-25T03:06:12Z"
"46e41de2-28e4-4f57-8cc5-bbf1746e79df","Inicio :: PiaggioMX",,,,,,,"piaggiomx.com",,"Weak","2025-05-14T00:12:04Z"
"4770d969-4dda-4e29-937e-f044c2bba5af","EP Consulting",,,,,,,"epconsulting.com.mx",,"Very weak","2025-05-27T01:55:54Z"
"478dfd10-1efd-4ced-8796-865b3a87a442","sociallearning.io",,,,,,,"sociallearning.io",,,"2023-05-10T23:14:35Z"
"47aa9843-3614-41b4-a14c-aa5d705831df","Senado de la República",,,,,,,"senado.gob.mx",,,"2023-09-22T17:25:35Z"
"49b2e43a-2120-47fe-ad1c-2f4964bc0a90","STM Education",,,,,,,"stmeducation.co",,"Very weak","2025-08-20T22:46:43Z"
"4aecb832-9bf1-4eb7-a44b-b3d77463dd04","HackSussex",,,,,,,"hacksussex.com",,"Very weak","2025-12-03T13:36:03Z"
"4bab47a0-4064-4c1d-bf20-a89361e53aff","laika.pet",,,,,,,"laika.pet",,,"2023-05-10T23:14:35Z"
"4bd122d9-4651-4b90-a3d6-342079eb103c","The Good Side",,,,,,,"thisisthegoodside.com",,"Weak","2025-03-13T14:20:49Z"
"4c893420-e7a5-43da-9f44-b069b3f3a1df","Online Advertising",,,,,,,"dominatebanners.com",,"Very weak","2025-10-09T14:41:34Z"
"4d012c86-0c3c-4e34-9b32-2195ea7f02a5","unsubscribe-02.emailinboundprocessing.eu",,,,,,,"unsubscribe-02.emailinboundprocessing.eu",,"Very weak","2025-11-13T10:55:51Z"
"4eb0bf30-ad95-412c-921c-be8317902014","Ami",,,,,,,"amicorp.com",,"Very weak","2025-06-24T03:32:52Z"
"4eeb1eb5-7401-4ec8-9e63-7a3039e8c9b1","RESOLVE Consulting",,,,,,,"resolveinstitute.com",,,"2022-02-17T10:45:32Z"
"50208d81-29b0-42a5-a677-546da7695afc","prodigy.net.mx",,,,,,,"prodigy.net.mx",,"Weak","2025-08-28T02:00:00Z"
"5054a37f-a4de-4fd6-ad6c-46e0adbd0ca4","Inês Ayer",,,,,,,"inesayer.com",,"Very weak","2025-01-10T14:00:00Z"
"51ed384e-c4f3-4809-b912-9a3306676f82","TheHiringRevolution",,,,,,,"thehiringrevolution.com",,"Good","2026-05-19T13:30:31Z"
"5242cee0-f289-4462-9a0f-e6a5197a2a56","comercio.mineco.es",,,,,,,"comercio.mineco.es",,,"2023-09-27T01:00:00Z"
"531f26f4-9430-427f-b6da-0b00d1b1735d","Dominate Keywords – Dominate Search Engines",,,,,,,"dominate-keywords.com",,"Very weak","2025-06-23T05:51:24Z"
"551aa148-2800-4f10-8e53-693384bcb928","Flouci",,,,,,,"flouci.com",,"Very weak","2025-01-20T14:10:00Z"
"553432ba-6cf3-4cc7-bc04-2a7543d46598","RANDOM",,,,,,,"random.com.mx",,,"2024-02-22T00:00:00Z"
"55900125-ab90-4847-ac25-1762c175a934","Diversity Travel",,,,,,,"diversitytravel.com",,"Weak","2025-09-11T14:15:30Z"
"55b8b1e6-3189-4423-a1a7-943475a288fd","manus-ai.com",,,,,,,"manus-ai.com",,"Very weak","2025-04-02T00:00:00Z"
"5664b527-33ca-40f9-9796-86f62e9977cd","saludangeles.mx",,,,,,,"saludangeles.mx",,,"2024-02-11T06:45:09Z"
"56a8fd74-9d65-4574-abb1-c16db1333677","dxt.mx",,,,,,,"dxt.mx",,"Very weak","2024-07-18T00:00:00Z"
"56ea5c52-ff3a-49e2-8a8d-7559cde70dc0","Pontificia Universidad Católica del Perú",,,,,,,"pucp.edu.pe",,"Weak","2025-04-03T18:04:43Z"
"57855e67-0c47-4b30-af94-f88a2e9897b5","Piconorte",,,,,,,"piconorte.mx",,"Very weak","2025-05-30T21:33:22Z"
"580fc8a2-89bb-490a-9b91-ab6a2bf6a26d","Heineken",,,,,,,"heineken.com",,"Very weak","2026-04-30T23:48:00Z"
"58380573-075c-431b-bd8b-18af91cd4e7f","PHC",,,,,,,"phc.lat",,"Very weak","2026-02-13T20:00:00Z"
"5a2624f4-2f55-4fdd-beaf-b7b804dc00d6","Another",,,,,,,"another.co",,,"2022-07-25T04:36:43Z"
"5ade9049-c391-4467-a904-3b9bdc185f65","prkoggi.co",,,,,,,"prkoggi.co",,"Very weak","2024-05-28T23:00:00Z"
"5ba0cb80-fe24-4207-9f6a-4ffec9437ff9","Expertos en Convenciones",,,,,,,"expertosenconvenciones.com",,"Very weak","2024-09-25T21:25:06Z"
"5bc87136-4c14-48c9-a49a-1efa4db51489","ELLA Global Community",,,,,,,"ellaglobalcommunity.org",,"Very weak","2025-01-21T21:30:33Z"
"609ec8bf-bec8-4e02-b978-4a520f37d176","Athena",,,,,,,"athena.com",,"Weak","2025-07-28T14:42:31Z"
"6127d284-e301-4236-bafb-9aaba55ba3bf","Casa do Brasil",,,,,,,"casadobrasil.com",,,"2023-06-12T13:32:23Z"
"61f10731-8dd6-4664-8032-1b6be0f37223","Edutecno",,,,,,,"edutecno.com",,,"2023-08-30T16:33:29Z"
"6295a2c8-3582-48f5-b7b0-caf8b06df874","MEGL",,,,,,,"megl.com.mx",,"Very weak","2025-05-30T21:33:22Z"
"630e9c0a-2270-4974-b5f6-c4adeb0b3a38","ISDI México",,,,,,,"isdi.com.mx",,"Good","2026-04-29T15:45:00Z"
"6353a63f-642b-4e66-ba3c-2587836cf899","capa.fi",,,,,,,"capa.fi",,"Very weak","2025-02-24T19:00:00Z"
"64e53eee-a6b5-4bef-9729-4d3dd7e128b0","Rateinc",,,,,,,"rateinc.cl",,"Very weak","2024-10-16T15:00:00Z"
"6512b094-5788-4e14-818f-6e1920b7ab05","AFH consultores y asociados S.C.",,,,,,,"afh.com.mx",,"Very weak","2024-11-14T20:04:48Z"
"651ee3da-18fc-4b76-a973-8dffe7483597","Yoyi",,,,,,,"rojo.me",,"Very strong","2026-05-15T17:43:03Z"
"6692e95c-a11f-4793-93cc-9d4d55cd3760","Wellhub",,,,,,,"wellhub.com",,"Very weak","2026-05-18T15:16:48Z"
"669fe7a5-4146-45ea-85f1-b1fd861f90df","recmediacorp.com",,,,,,,"recmediacorp.com",,"Very weak","2025-07-08T23:02:04Z"
"66ff4149-791d-4bc4-984a-620fa9fe0b5f","Kendrick Property Services",,,,,,,"kendrickpropertyservices.co.uk",,"Very weak","2025-09-24T07:50:51Z"
"67a03c33-5364-4a75-807d-e106193206ab","fcdo.gov.uk",,,,,,,"fcdo.gov.uk",,"Good","2026-01-19T05:52:53Z"
"68e17c7e-fc53-4f6b-9b98-3dd9fa0aee8d","QQSLOT",,,,,,,"mma.isdi.mx",,"Very strong","2026-05-15T23:12:02Z"
"6abc6f0d-e072-4c60-abc2-ea080b7937cc","BrainFood",,,,,,,"brainfood.cl",,"Very weak","2025-02-13T16:12:44Z"
"6ac80df2-7063-47bc-96ae-7b63e1e65834","bunniers.com",,,,,,,"bunniers.com",,,"2022-08-25T21:01:14Z"
"6b2c9b8c-45f2-4b7a-adfb-647fca4ca32c","Propel",,,,,,,"wepropel.org",,"Very weak","2025-08-28T14:56:54Z"
"6b9de2ef-c9ee-4f55-b7e5-0fe500d99c58","mgatc.com",,,,,,,"mgatc.com",,"Very weak","2026-04-16T17:57:03Z"
"6c17df95-4b53-4f67-8ce8-a3b95f98ffbb","AMI Asociación Mexicana de Inversionistas",,,,,,,"amimexico.com",,,"2023-09-13T21:40:24Z"
"6c5742dc-bc25-4f1f-803c-78389d288385","CHG-MERIDIAN",,,,,,,"chg-meridian.com",,"Very weak","2026-05-05T16:07:17Z"
"6c926159-13a8-4bdf-8096-5cfdb5bf1dbe","Pontificia Universidad Católica del Perú",,,,,,,"pucp.pe",,"Weak","2025-05-16T22:00:00Z"
"6e2913cd-3f64-4735-87d2-589dbf622071","Uniq Experience",,,,,,,"uniqexperiences.com",,"Very weak","2026-05-05T16:07:17Z"
"6eafac3b-cd4e-4ba7-839c-00fd179320a2","BSA-Kapital",,,,,,,"kapital.com",,"Very weak","2025-02-11T14:00:00Z"
"70214f0f-9e34-424e-967d-2028e5de8b61","elissaglorie.com",,,,,,,"elissaglorie.com",,,"2023-09-27T14:00:00Z"
"7128cc2c-89e1-4931-9131-d3151271dc7a","Nancy Salazar",,,,,,,"nancynsalazar.tech",,"Very weak","2025-05-16T22:00:00Z"
"71f16fbc-b1e1-417e-bf86-9140c004b3be","universidad-uic.edu.mx",,,,,,,"universidad-uic.edu.mx",,,"2024-04-20T01:23:30Z"
"731a0bd1-923b-4ea7-85c2-6f5bc9165e59","kiwihub.ai",,,,,,,"kiwihub.ai",,"Weak","2026-03-23T18:38:49Z"
"73c429a7-4faf-4e96-a07b-ccb75396bd17","UNAM Universidad Nacional Autónoma de México",,,,,,,"materiales.unam.mx",,"Weak","2025-05-23T00:40:15Z"
"746dff9d-15e2-4427-9381-e01259af333d","Béek Studio",,,,,,,"beek.studio",,,"2021-12-10T16:59:34Z"
"750ad1c6-0934-4173-8a86-801a01b441e5","Yalo",,,,,,,"yalo.com",,,"2023-05-16T19:00:00Z"
"75258dac-6f06-4b0a-b741-817e07b9fe8c","Ganem",,,,,,,"ganem.mx",,"Weak","2025-04-01T16:49:58Z"
"75a1f6d1-349d-4551-a4f1-84d81f4d7555","BSA-Kapital",,,,,,,"kapital.mx",,"Very weak","2025-02-11T14:00:00Z"
"75a952a9-f1ab-4b92-aeaf-41352d39b9b5","conjur.com.mx",,,,,,,"conjur.com.mx",,"Very strong","2026-04-07T17:05:22Z"
"762bf42d-c1f6-4db0-8ff4-9a0503444c9e","Odella México",,,,,,,"odellaglobal.com",,"Very weak","2024-12-10T19:00:00Z"
"774d8409-f0e4-4daf-9beb-595317044ea9","Líderes",,,,,,,"lideresdigital.es",,,"2024-04-15T16:08:05Z"
"79b2ba46-d4e6-4a88-91a2-ed76987d7d4e","regsvc.com",,,,,,,"regsvc.com",,"Weak","2026-05-19T14:47:27Z"
"79ce5e12-537a-4be4-a055-8d9dafc0a57e","futurist.mx",,,,,,,"futurist.mx",,"Very weak","2024-10-15T19:00:00Z"
"7b74fa0a-6397-4afe-b84c-3734c80ccf48","sivale.com.mx",,,,,,,"sivale.com.mx",,,"2024-02-22T00:00:00Z"
"7bac4e0c-941c-4167-a6b2-79f9dd582f82","bylukka.com",,,,,,,"bylukka.com",,,"2024-03-15T22:05:51Z"
"7bfe91e8-cd93-4044-9a1f-21d87d7a6162","Mujeres Invirtiendo",,,,,,,"mujeresinvirtiendo.com",,"Very weak","2024-11-03T18:14:34Z"
"7dbe97b8-b9fa-4c9f-ac32-0e373fe8181a","HavasPlus",,,,,,,"havasplus.com",,,"2023-05-10T23:14:35Z"
"7e10e6a8-11c8-4a31-a512-04b7c824ad9e","unicco.com.mx",,,,,,,"unicco.com.mx",,"Very weak","2025-09-25T09:54:10Z"
"7e1a4180-4c2e-406e-8789-6bcc21230beb","GrouHub",,,,,,,"grouhub.com",,,"2023-05-30T22:00:00Z"
"7f09255a-fd90-4002-9270-c3da0654ea47","Eden",,,,,,,"edenmed.com",,"Very weak","2026-05-05T16:07:17Z"
"7fca7f44-6a16-4fb4-b6ac-20d6012c3129","Phd Network Colombia",,,,,,,"phdnetwork.com.co",,,"2023-05-10T23:14:35Z"
"8122b943-c7f6-4d42-bc00-93bfd4b8b472","B2B Lead Generation Services",,,,,,,"ausbdm.com",,"Very weak","2024-10-15T18:15:14Z"
"81e9270e-3c9b-4bd1-8463-a3fec9110818","Fitaxa",,,,,,,"fitaxa.com",,"Very weak","2024-10-14T21:54:49Z"
"8262db30-e6ee-444f-b40a-028ecd70b706","Promobranding Soluciones Promocionales",,,,,,,"promobranding.mx",,"Very weak","2025-07-03T19:44:45Z"
"82707789-8a57-4870-b8ec-1c555669b084","La Firma Capital",,,,,,,"lafirmacapital.com",,"Very weak","2024-11-03T18:14:34Z"
"83a3339f-aff8-4e2a-8ed7-c8be4ca7ba3e","MOONSHOT Labs",,,,,,,"10xmoonshot.com",,,"2023-11-07T21:00:00Z"
"842cd074-5948-413a-92e3-32528da58193","secretario-imefu.com",,,,,,,"secretario-imefu.com",,"Very weak","2024-06-14T02:07:18Z"
"84d1cce9-d449-4eb9-86fb-c2d5ab2a024e","Amplifica Capital",,,,,,,"amplifica.capital",,"Very weak","2025-05-30T21:34:30Z"
"8563867c-7b38-41c2-ad04-b87b2e65381e","Formación_M&N",,,,,,,"mendezynewton.com",,"Very weak","2024-05-28T23:00:00Z"
"85948df8-91a9-4703-a8cf-1878eb70e64b","NHS Trust",,,,,,,"nhs.net",,"Weak","2026-04-21T06:40:20Z"
"86db4bab-e50c-4cbd-bb15-e28c6a4744d0","ANA",,,,,,,"ana.care",,"Very weak","2025-02-11T14:00:00Z"
"881039f2-85b1-4c96-87ad-3a3ad79dbd42","BRANDMANCE",,,,,,,"brandmanceagency.com",,,"2024-02-22T00:00:00Z"
"88e45bd0-a80b-49e7-bedf-4378cd2e4a78","Your Request has been Blocked. this could be
 Due to Several Reasons",,,,,,,"heinekeninternational.s01.eur1.teams-events.com",,"Very weak","2026-04-29T16:00:00Z"
"89cb3459-dbcc-4484-bbc7-6eeb6231fcbc","conjur.mx",,,,,,,"conjur.mx",,"Very weak","2026-03-02T18:49:58Z"
"89d30b27-2610-4e24-acae-1a66029e6362","MappaBiz",,,,,,,"mappabiz.com",,,"2023-10-24T19:30:37Z"
"8abcd17a-218f-4535-a6f2-71e3da653d89","Contraintuitivo",,,,,,,"contraintuitivo.co",,"Very weak","2025-04-08T15:00:00Z"
"8ac806c3-8297-4930-bd83-821881ad0177","lumofc.com",,,,,,,"lumofc.com",,"Very weak","2025-11-04T22:00:00Z"
"8bc385ff-baa3-4a56-a127-0756ebb1025a","connecteducation.mx",,,,,,,"connecteducation.mx",,"Weak","2026-03-02T15:21:42Z"
"8cde75c9-2a27-4b14-be1c-4ed44e458476","Teclab Instituto Técnico Superior",,,,,,,"teclab.edu.ar",,,"2023-05-10T23:14:35Z"
"8ebc6156-e7a8-42a6-9ae9-8fbb644cb8a7","Meta_com",,,,,,,"metaworldcongress.mx",,"Very weak","2024-06-19T20:54:08Z"
"8ff81e34-c2c5-4dce-b86f-e0d8c7a11bd4","Clocktower Technology Ventures",,,,,,,"clocktowerventures.com",,,"2023-09-27T01:00:00Z"
"90b6dcf4-ad29-41af-889c-8497a415a926","Editorial audiolibre",,,,,,,"audiolibre.pub",,"Very weak","2024-09-03T21:41:53Z"
"913825cd-5458-4f1c-9809-094d1a4c0999","Texturas Comunicacion",,,,,,,"texturascomunicacion.com",,,"2023-09-29T07:46:55Z"
"91cc8df0-8d3a-467e-99a1-2ba74f8c417a","Morishaw",,,,,,,"morishaw.com",,"Very weak","2025-01-10T14:00:00Z"
"94750cbf-6588-4da8-8311-8eb3574dc88d","Liil Ventures",,,,,,,"liil.city",,"Weak","2025-04-22T15:02:09Z"
"94ba4d51-4aa1-4536-9a1c-081222f50c42","ALFA FUNDACIÓN",,,,,,,"alfafundacion.edu.mx",,,"2023-11-02T22:00:00Z"
"94db6005-5473-4197-83de-88aa43f772c6","Media Lab Agency",,,,,,,"medialab.agency",,"Very weak","2025-12-03T18:41:14Z"
"953b330e-9b1a-4e5f-bd51-474466f5dbc8","Head AI",,,,,,,"creator.headai.io",,"Good","2025-10-22T06:00:01Z"
"961251a7-93a0-4982-a9e4-f0d106c031b6","tridenteideas.com",,,,,,,"tridenteideas.com",,,"2024-02-12T23:00:00Z"
"969abd57-87e5-4779-961c-2d4b987d15e2","Finanzas Color de Rosa",,,,,,,"finanzascolorderosa.com",,"Very weak","2025-05-30T21:34:30Z"
"9800ebc3-19a5-4f9b-92ec-ce38201c4380","Needed Education",,,,,,,"needed.education",,"Very strong","2026-03-18T15:30:51Z"
"99365f6a-b0c5-4ee7-ae8a-a8e023f52fb2","Datamorfosis",,,,,,,"datamorfosis.mx",,"Very weak","2025-02-13T16:12:44Z"
"9961e906-1f74-4795-ae38-a0b70418981a","SRE",,,,,,,"sre.gob.mx",,"Very weak","2025-07-24T15:39:12Z"
"9a724f4a-5c2d-4717-a072-08275ab7124e","lukaskistler.ch",,,,,,,"lukaskistler.ch",,"Very weak","2025-01-10T14:00:00Z"
"9a72721d-557b-49e7-9e27-1f1c9f14117a",".. ASB ..",,,,,,,"arturosalas.com",,,"2024-04-15T16:08:05Z"
"9ab9531e-c873-41e1-b995-cb5246a518e3","UNAM Universidad Nacional Autónoma de México",,,,,,,"correo.nucleares.unam.mx",,"Weak","2025-05-23T00:40:15Z"
"9ac4f7d4-edc4-40f8-afbc-513cc3c77365","Tenet Consultores SC",,,,,,,"tenet.com.mx",,,"2023-09-27T01:00:00Z"
"9af5b0c5-2e4f-4c41-8b9c-17f61613ce6e","Luma",,,,,,,"lu.ma",,"Weak","2026-05-03T17:00:00Z"
"9c5dc8bc-8988-43f4-a233-04499fce627e","Jüsto",,,,,,,"justo.mx",,,"2024-03-08T01:30:00Z"
"9c880e40-e976-4334-8257-2512b4688df1","ingridmedina.com",,,,,,,"ingridmedina.com",,"Very weak","2024-07-08T02:55:46Z"
"9c8d9ef6-7cff-4888-a012-79f274e8df6f","canaldevelasco.com",,,,,,,"canaldevelasco.com",,"Very weak","2025-04-25T20:38:34Z"
"9cdf50d3-142e-4e51-ae61-cc108c83a5e8","gpbebidas.mx",,,,,,,"gpbebidas.mx",,"Very weak","2025-08-28T02:00:00Z"
"9d7ccd61-c635-4593-8019-f48d4928389e","Theodora.ai",,,,,,,"theodora.ai",,"Very weak","2024-05-24T22:55:51Z"
"9d9a11c0-dc83-44a7-85fa-245c1b93feb0","SIS",,,,,,,"innovationsolutions.eu",,"Very weak","2025-01-10T14:00:00Z"
"9feade8b-021c-402c-b689-f178df9aff35","PLAUD",,,,,,,"plaud.ai",,"Good","2026-03-11T10:04:11Z"
"a097c305-5988-439b-8e16-ebc9e30c8da2","unsubscribe.emailinboundprocessing.eu",,,,,,,"unsubscribe.emailinboundprocessing.eu",,"Very weak","2024-11-15T04:34:50Z"
"a0fd0d41-41c1-406c-93f9-f922de32a223","The Mindful AI Manifesto",,,,,,,"themindfulaimanifesto.org",,,"2022-03-11T15:11:38Z"
"a2480365-2f01-4f59-a79e-38936d636616","AI",,,,,,,"wavynode.com",,"Very strong","2026-04-01T01:03:08Z"
"a34cd0af-514b-4102-a278-f3360ec534f8","EdgeHub",,,,,,,"edgehub.edu.mx",,"Weak","2024-10-15T19:00:00Z"
"a6099a7a-fbc6-40b8-83c3-73decaed7711","Universitat Oberta de Catalunya",,,,,,,"uoc.edu",,"Very weak","2025-05-27T02:34:03Z"
"a700801e-1f35-422e-b12e-f4d08addc14f","CCLA",,,,,,,"cclagroup.com",,"Very weak","2026-05-05T16:07:17Z"
"a8577e88-31eb-40a7-8ce6-939ac3d334ac","Triangle",,,,,,,"3angle.mx",,"Very strong","2026-05-15T20:18:23Z"
"a93da8be-f17c-47bb-ad8b-9632b9f595b4","Bloomberg",,,,,,,"bloomberg.net",,"Very weak","2025-08-13T14:59:17Z"
"a98a154b-4dbd-44b0-83f8-74e9143fd9db","Soulnet",,,,,,,"soulnetnet.com",,,"2023-08-29T13:12:56Z"
"aae78774-531a-4e64-b507-99a908d83b50","unpack",,,,,,,"unpackai.com",,,"2022-03-21T15:00:00Z"
"ab2d3c93-2d36-4545-b54a-d6304c890657","DominatingKeywords",,,,,,,"dominatingkeywords.com",,"Very weak","2025-10-30T15:49:06Z"
"ab5f9255-3ca1-4948-b683-37789dd8666c","Zoom",,,,,,,"zoom.us",,"Weak","2026-05-14T15:16:52Z"
"ad977546-5ae2-4e07-a6cd-77891a9ed8e2","NOWad",,,,,,,"nowad.com.mx",,,"2023-10-11T17:54:22Z"
"ada87a87-e468-46c3-9458-6fdccce28bc7","EMERGENT LINE",,,,,,,"emergentline.com",,,"2024-02-22T01:48:28Z"
"aee84329-655d-4cc3-950b-cc2121a2e94e","aithenewsexy.onmicrosoft.com",,,,,,,"aithenewsexy.onmicrosoft.com",,"Very weak","2025-12-17T16:41:22Z"
"afbe0017-ae3b-4dc3-90d9-db9ba54ea4e5","Dr. Raúl Izquierdo",,,,,,,"rulmanzana.com",,"Very weak","2025-12-05T11:51:10Z"
"b07d8325-b3b9-4d64-88dd-6e52dda29119","Retail y Más",,,,,,,"retailymas.mx",,"Very weak","2025-03-05T15:19:10Z"
"b0852bb3-1f04-4096-b0ac-e521a6c646a0","Effective Altruism",,,,,,,"eaglobalx.org",,"Very weak","2026-01-20T14:26:26Z"
"b0979893-126a-4e05-b6c2-06a33162e6d4","mailsap.com",,,,,,,"mailsap.com",,"Very weak","2025-07-08T14:52:03Z"
"b14f1170-4cb0-4d45-a27e-a551b5a100d0","KMNY",,,,,,,"kemeny.cl",,"Very weak","2025-06-24T23:00:00Z"
"b4573c36-9157-4c50-8e12-1bb35340bf57","NFashionT",,,,,,,"nfashiont.io",,,"2022-10-19T15:35:43Z"
"b567b2d6-90d1-4139-963c-26a933faf114","Aha (aha.inc)",,,,,,,"headaisendmax.org",,"Very weak","2025-09-09T06:35:21Z"
"b699092f-8113-44f6-9a16-55242991bf4c","AI The New Sexy",,,,,,,"aithenewsexy.com",,"Good","2025-12-08T13:48:35Z"
"b6ab3681-9aab-46a6-82c7-d9028d378992","UNAM Universidad Nacional Autónoma de México",,,,,,,"politicas.unam.mx",,"Weak","2025-08-20T00:00:00Z"
"b715ed84-e835-4900-befd-a28af19dd597","333corporate.com",,,,,,,"333corporate.com",,"Very weak","2024-07-10T14:57:11Z"
"b858f182-ab72-4cd4-b86e-5bee65764c24","Torata Mining",,,,,,,"toratamining.com",,,"2024-04-05T03:30:14Z"
"ba1d0555-af14-46c4-a732-3bb7a19a1567","Speakhers",,,,,,,"speakhers.co",,"Very weak","2024-10-03T18:30:00Z"
"ba541b0c-7667-42e9-ba84-a5544d4d950f","K. N. Toosi University of Technology",,,,,,,"kntu.ac.ir",,,"2022-04-25T14:00:00Z"
"bb1ead95-3022-484b-84e2-6081af9de528","Laika Mascotas",,,,,,,"laikamascotas.cl",,,"2023-05-10T23:14:35Z"
"bb359007-d81b-4b1f-a5b1-2e9e4c85c5b5","Conecta",,,,,,,"conecta.com.bo",,"Very weak","2025-07-14T22:36:20Z"
"bc00c381-47ca-4583-a581-544097946f86","UNAM Universidad Nacional Autónoma de México",,,,,,,"ciencias.unam.mx",,"Good","2025-05-30T21:34:30Z"
"bed8fb86-f3b6-4119-816e-80d134e4fe6d","Meta",,,,,,,"meta.com",,"Very weak","2025-07-09T15:26:58Z"
"bef61887-02f2-407c-b12f-4a4cf742d606","Magnet Labs",,,,,,,"magnet-labs.com",,"Very weak","2026-02-11T21:00:25Z"
"bfc5395a-268d-4fca-9c8b-c5c19455691b","Publicis Resources",,,,,,,"publicisresources.com",,"Very weak","2026-01-09T21:31:22Z"
"c08c8d4c-118d-4ce7-a85d-394352ee13d4","Pitch Jams",,,,,,,"pitchjams.com",,,"2024-02-22T22:20:53Z"
"c1796567-cfa6-44c6-b905-36012663f4a7","Gamma Campeche Malecón",,,,,,,"gammacampeche.com",,,"2023-09-30T01:51:31Z"
"c1e53164-cc93-48a3-bd28-b30e6f88fede","PRoA Comunicación",,,,,,,"proacomunicacion.mx",,,
"c21da208-b1ec-4089-b3f8-d907608fe186","Radar",,,,,,,"somosradar.com",,,"2023-09-27T01:00:00Z"
"c24707bf-0bbd-49c7-9ef2-2952a5fcff71","Eon Institute",,,,,,,"eon-institute.com",,"Very strong","2026-05-05T18:58:11Z"
"c41ef77c-0caa-496e-a80c-21609b9ba536","ngc",,,,,,,"ngc.com.co",,"Weak","2025-05-15T17:19:19Z"
"c56e3061-2818-4279-add6-0eaf45e2c315","LIAISONS",,,,,,,"liaisonscorporation.com",,"Very weak","2024-07-31T01:26:37Z"
"c5e35e26-1985-40f4-8e14-babf975c8283","buehub.com.ar",,,,,,,"buehub.com.ar",,,"2021-12-13T19:00:00Z"
"c6fe0a68-dbbe-436f-b9d4-c9dc4c6e29ad","epicqueen.org",,,,,,,"epicqueen.org",,,"2023-03-08T20:30:00Z"
"c89bac02-4a17-4d4d-83b3-6ea4778b1794","E",,,,,,,"car-e-mobility.com",,"Very weak","2025-05-30T21:34:30Z"
"c91944ee-4db1-465b-9e68-aec35b3b9bc6","aura-mx.com",,,,,,,"aura-mx.com",,"Very weak","2025-05-30T21:33:22Z"
"c995a987-8c4b-4dba-89df-e3859f7ebf02","QQSLOT",,,,,,,"ecom.isdi.mx",,"Very strong","2026-05-15T23:12:02Z"
"ca160848-9613-427e-9f64-4cbe2b27e271","dmcsystems.mx",,,,,,,"dmcsystems.mx",,,"2024-02-22T01:48:28Z"
"ca7b8232-cb33-4885-a76e-61a1b9cdc6eb","Parking Page V3",,,,,,,"animoanimo.com",,,"2023-03-20T23:00:00Z"
"cb6f96bd-d281-4def-b076-1037287d112d","secretarioimefu.com",,,,,,,"secretarioimefu.com",,"Very weak","2024-06-13T22:00:00Z"
"cbeae2f2-422c-42d8-a157-b946d4df05ae","Nas Daily",,,,,,,"nasdaily.com",,"Very weak","2025-07-23T16:45:14Z"
"ccd8877e-cbd6-47a8-bcce-b7e825c93dd1","Different Technologies",,,,,,,"dif.tech",,"Very weak","2026-05-05T16:07:17Z"
"cdd78e2c-fb53-4d41-9da4-93a8ff486a30","ca.fbl.en25.com",,,,,,,"ca.fbl.en25.com",,,"2023-08-15T17:39:28Z"
"cf1806e6-b529-4d95-9924-6fe0ec7d9241","ihintelligence.org",,,,,,,"ihintelligence.org",,,"2022-04-25T14:00:00Z"
"cfedf8cc-53ed-445b-ba7f-97bb7e12c3bd","Carbonof",,,,,,,"carbonof.com",,"Weak","2025-07-16T18:21:41Z"
"cfef57d8-9dbc-4ea2-9b59-b57930636282","WeDAO Latam",,,,,,,"wedaolatam.com",,"Very weak","2024-06-04T09:47:05Z"
"d0443fa6-054e-4a28-bbf3-66448c178784","fundacionbeca.ne",,,,,,,"fundacionbeca.ne",,,"2023-12-30T19:02:30Z"
"d05ed75a-720a-49a6-8ce4-ba47a5fbf337","Eidos Global",,,,,,,"eidosglobal.org",,"Weak","2026-02-19T21:26:23Z"
"d0fc2506-6c56-4621-85c5-3a3170fdcd45","netadelvc.com",,,,,,,"netadelvc.com",,,"2023-09-27T01:00:00Z"
"d26624f1-8e4f-4146-b98c-e60546dd0631","PANGEA Digital Marketing",,,,,,,"pangeadigitalmarketing.co",,,"2023-05-10T23:14:35Z"
"d27c871c-c66d-42d6-a985-ae8ca4bc885b","puih.mx",,,,,,,"puih.mx",,"Very weak","2024-06-26T18:20:54Z"
"d3711d6d-5e23-4cff-b09a-b30163f151c6","tuchispa.com",,,,,,,"tuchispa.com",,"Very weak","2024-10-15T20:00:00Z"
"d40470e8-f999-413d-b938-e0c38be481f0","Querida Comadre",,,,,,,"queridacomadre.com",,"Very weak","2024-08-14T16:07:44Z"
"d655f9d9-d3a3-4e43-9f6f-4271ab074a98","bpba.com.ar",,,,,,,"bpba.com.ar",,"Very weak","2024-05-28T23:00:00Z"
"d6f178b3-f5c8-4358-9e34-e90fedacc926","The Opus Group",,,,,,,"theopusgroup.com",,,"2024-03-01T22:30:00Z"
"d82baa1d-d2b3-420e-93c2-0c225cc67ede","mpi-sp.org",,,,,,,"mpi-sp.org",,"Very weak","2025-02-05T15:00:00Z"
"d83d05f1-f1ed-4406-8b1b-7f97af45ca10","QQSLOT",,,,,,,"isdi.mx",,"Very strong","2026-05-15T23:12:02Z"
"da8df354-6360-4d06-9b33-4e1a97cca484","Notimedia",,,,,,,"notimedia.com",,"Very weak","2026-02-08T16:00:48Z"
"dacb3739-5614-4774-92a2-fcf645455b30","Polar Salud",,,,,,,"polarsalud.com",,"Very weak","2026-05-05T16:07:17Z"
"daeaee20-c195-4420-ba93-75f58f368e88","Wadhwani Foundation",,,,,,,"wfglobal.org",,"Very weak","2025-05-30T21:34:30Z"
"db748248-ca8d-436c-b2cd-66918f6eb4d3","bilgiedu.net",,,,,,,"bilgiedu.net",,,"2022-04-25T14:00:00Z"
"dc92ff1d-2606-4e01-9170-9b76f4a387aa","estudiante-ede.com",,,,,,,"estudiante-ede.com",,"Very weak","2025-06-05T17:34:32Z"
"dd917289-e041-48b5-aca5-f28ecabcf001","Publicis Groupe",,,,,,,"publicismedia.com",,"Very weak","2025-04-29T19:00:09Z"
"de223c29-87d3-4511-9e83-bf8eff91664b","globalshapers.paris",,,,,,,"globalshapers.paris",,,"2023-10-24T19:30:37Z"
"de2e8ade-071b-4a80-9c4a-2bff5aedd223","Facultad de Ciencias de la Comunicación",,,,,,,"usmp.pe",,,"2023-12-01T20:12:05Z"
"de6e07f9-fe7d-4705-a5ca-faed9e3db3f3","High Sierra Industries",,,,,,,"hsireno.com",,,"2022-03-11T15:11:38Z"
"df016337-60f2-4639-8f4d-723b5a1d23c4","clasesedison.com",,,,,,,"clasesedison.com",,"Very weak","2024-12-06T16:00:00Z"
"df7624ee-1744-4e06-97a2-78e421d4d7a2","Aha (aha.inc)",,,,,,,"headaimediaon.net",,"Very weak","2025-09-08T19:34:45Z"
"dfc283f7-3d2e-4260-ae41-600e72f33c15","Go Riders",,,,,,,"goriders.mx",,,"2023-08-31T17:00:00Z"
"e2539374-5624-41a2-ad2f-cf8bf7d2e63a","DOSHA",,,,,,,"dosha.com.mx",,"Very weak","2025-03-11T18:49:57Z"
"e2886883-1acb-4e16-b6ed-4e0f50ab51e3","Instituto Técnico Jesús Obrero",,,,,,,"itjo.edu.ve",,,"2023-11-02T22:00:00Z"
"e31c6a83-a6cc-4080-99b8-a208455e427a","Dev3pack",,,,,,,"dev3pack.xyz",,"Strong","2026-04-28T14:00:00Z"
"e323666d-2ef1-4603-a34b-9e50949e94b7","QQSLOT",,,,,,,"mib.isdi.mx",,"Very strong","2026-05-15T23:12:02Z"
"e372ba61-0c0a-4fc6-a9d7-ed9926ae6093","soypaolavillarreal.com",,,,,,,"soypaolavillarreal.com",,"Weak","2026-04-10T17:20:10Z"
"e3cb1971-a008-4814-a17d-6c4437a477ad","StructurA",,,,,,,"proa.structura.com.mx",,"Very weak","2026-05-05T16:07:17Z"
"e419de12-3f6a-4908-951e-113da3f9076a","MFT",,,,,,,"marketingfuturetoday.com",,"Good","2025-09-16T19:30:00Z"
"e54c08c4-c616-448d-a5e4-fc5c020d05bf","BRAINLUP",,,,,,,"brainlup.com",,,"2022-09-22T17:08:19Z"
"e608f872-62de-4dcb-a19a-189771d16265","bcognizant.com",,,,,,,"bcognizant.com",,"Very weak","2025-02-05T15:00:00Z"
"e613d08a-2f23-49b5-8f3f-13c14ae15d7e","Kalpa Ventures",,,,,,,"kalpa-ventures.com",,"Very weak","2025-05-30T21:33:22Z"
"e6926963-fc39-4ec2-bd9e-5db2c1840cf1","ClikAuto Finance",,,,,,,"clikautofinance.com",,,"2023-08-31T17:00:00Z"
"e6ae7210-da51-4dc7-935c-7ace25a05298","LuisGyG",,,,,,,"luisgyg.com",,"Very weak","2025-06-03T22:24:42Z"
"e74c4d91-a597-4282-8a64-02b7efc13472","NORA – The Norwegian Artificial Intelligence Research Consortium",,,,,,,"nora.ai",,,"2022-03-11T15:11:38Z"
"e79f0ef2-0bff-47ec-9859-c579f02a2f05","Hebrew University of Jerusalem",,,,,,,"mail.huji.ac.il",,,"2022-04-25T14:00:00Z"
"e7bbc96d-2058-4800-b1dd-80cba68ad72d","Morelos",,,,,,,"morelos.gob.mx",,"Very weak","2024-05-20T04:12:31Z"
"e8214312-d72d-4431-ae05-3af5d13c7509","QQSLOT",,,,,,,"dibex.isdi.mx",,"Very strong","2026-05-15T23:12:02Z"
"e8d9c71b-b7b9-4ed1-94a2-7a458e86b7db","Kontempo",,,,,,,"kontempo.io",,,"2023-09-27T01:00:00Z"
"e9d82ae8-cfb0-47a3-b015-256d3da47952","Talent Protocol",,,,,,,"talentprotocol.com",,"Very weak","2025-08-31T14:00:00Z"
"ea79cd6b-5387-41a5-954b-7dcad1be278a","Hotel Hacienda",,,,,,,"hotelhaciendamx.com",,,"2023-11-27T21:33:33Z"
"eadbe2db-f918-4e75-abf5-920823cbc9ff","K. N. Toosi University of Technology",,,,,,,"email.kntu.ac.ir",,,"2022-04-25T14:00:00Z"
"eb1cb71d-2ea7-48f8-ab89-11b812dd8f71","unsub-ab.mktomail.com",,,,,,,"unsub-ab.mktomail.com",,"Very weak","2025-07-16T18:25:40Z"
"eb5b88ab-79dd-4329-92c9-dd37d68fdd19","ICORP Global Solutions",,,,,,,"igcs.com.mx",,,"2024-02-22T01:48:28Z"
"ebbf8f61-05d0-4cb8-8444-79f2faad0a9f","TBD",,,,,,,"tbdmx.com",,"Weak","2025-08-22T16:11:24Z"
"ed32da3a-7dc0-4da9-8e0f-08ee304e7cde","somosuno.marketing",,,,,,,"somosuno.marketing",,,"2024-02-22T00:00:00Z"
"ee5859c7-dffe-40e9-856e-6f970264eba8","ContApp México",,,,,,,"contapp.com.mx",,,"2023-09-20T02:46:58Z"
"ef2bf444-056a-461c-bd68-e92702ed133b","Go Virtual México y LATAM",,,,,,,"govirtual.com.mx",,,"2023-08-31T17:00:00Z"
"f039dc34-0af5-431b-8fde-d25d1f590f36","Parsed",,,,,,,"parsedco.com",,"Very weak","2025-09-16T16:39:55Z"
"f0ba591c-c256-4f62-9c08-b5d5fa652952","OASA",,,,,,,"oasa.net.mx",,,"2023-11-07T21:00:00Z"
"f0c5d750-cbf6-4f69-8047-3fef17577c29","CD CASH",,,,,,,"cdcashedu.com.mx",,"Very weak","2025-05-30T21:33:22Z"
"f131f844-7e96-47a0-b32a-072c26cbb3aa","Evolupedia",,,,,,,"evolupedia.com",,,"2024-04-29T20:55:33Z"
"f15ca47c-b8a9-493a-b35f-00bdbadedbd3","IMEF Universitario",,,,,,,"imefuniversitario.com",,"Very weak","2024-06-13T22:00:00Z"
"f1dc9884-c07b-40c3-8c2d-dbfa440e44ed","Lexia Investigación Cualitativa, S.A. De C.V.",,,,,,,"lexia.com.mx",,"Very weak","2025-08-13T05:58:36Z"
"f3d2a59c-f55e-4862-a3bf-7cfed089ccc5","UNAM Universidad Nacional Autónoma de México",,,,,,,"unam.mx",,"Weak","2025-05-23T00:40:15Z"
"f460009e-8e31-4f81-a549-baf94affa1be","live.co.uk",,,,,,,"live.co.uk",,,"2023-10-24T19:30:37Z"
"f4ccb2ad-912a-4ebc-9be0-bf458dbda9eb","Orchestra",,,,,,,"orchestra.global",,"Very weak","2025-05-30T21:34:30Z"
"f5827787-a4b5-4d1b-9531-632e28ca0a29","ALBANESI",,,,,,,"albanesi.mx",,,"2023-09-27T01:00:00Z"
"f704e7c0-6fa2-47e0-b369-ccefe59377eb","Tesa",,,,,,,"tesa.lat",,"Very strong","2026-05-14T19:00:00Z"
"f734ff28-03d7-4cdb-88df-d28fe14bb059","sanrafael.com.co",,,,,,,"sanrafael.com.co",,"Very weak","2024-05-28T23:00:00Z"
"f73cd90c-7e56-490e-8237-ec2c1146e09b","Crowdcast",,,,,,,"crowdcast.io",,"Very weak","2024-09-19T16:30:00Z"
"f980c478-751a-4176-80b4-3a1a1db6efbf","Laika Mascotas",,,,,,,"laika.com.mx",,,"2023-05-10T23:14:35Z"
"fc7d0ec1-2c35-495f-a533-c71843bf05c2","be-cgi.com",,,,,,,"be-cgi.com",,"Weak","2026-03-19T17:00:00Z"
"fce881a0-5d5c-49fe-bc62-cb440ae29877","Event Cadence",,,,,,,"eventcadence.com",,,"2022-05-14T05:39:48Z"
"fd07606d-29a2-4602-9465-74b5f209d460","DINAMIKS",,,,,,,"dinamiks.mx",,"Very weak","2025-10-23T12:57:04Z"
"fdeae98b-88f3-41f7-a4cd-2a8eb0d58e7a","Leonardo1452",,,,,,,"l-1452.com",,"Very weak","2024-07-01T23:45:39Z"
"fdf4a5ba-10eb-4619-bd88-edc99f37300b","City St George's,University of London",,,,,,,"citystgeorges.ac.uk",,"Weak","2026-01-13T12:40:22Z"
"fe542049-c793-450b-89b1-347dfbea5ac2","HD* Human Design Doing",,,,,,,"hd.company",,"Very strong","2026-03-26T14:17:17Z"
"feb16240-bd1d-4bf7-953e-9c38b03628ce","unsubscribe-03.emailinboundprocessing.com",,,,,,,"unsubscribe-03.emailinboundprocessing.com",,"Very weak","2024-11-15T04:34:44Z"