"Company ID","Domains","Name","Description","City","State","Country","Angel List","Facebook","Instagram","LinkedIn","Twitter"
"fff3ef89-a459-4184-87da-41c06eda936c","rubberbandpr.com","","","","","","","","","",""
"ffeda3a8-3036-4126-93f8-9a830fe4300a","getnet.mx","","","","","","","","","",""
"ff2981bc-a1ef-4a11-acbf-7179a321932b","unfoundation.org","","","","","","","","","",""
"feb16240-bd1d-4bf7-953e-9c38b03628ce","unsubscribe-03.emailinboundprocessing.com","","","","","","","","","",""
"fe542049-c793-450b-89b1-347dfbea5ac2","hd.company","","","","","","","","","",""
"fdf4a5ba-10eb-4619-bd88-edc99f37300b","citystgeorges.ac.uk","","","","","","","","","",""
"fdeae98b-88f3-41f7-a4cd-2a8eb0d58e7a","l-1452.com","","","","","","","","","",""
"fd99b7fd-124e-477b-a2fe-56ec05736d32","elheraldodechihuahua.com.mx","","","","","","","","","",""
"fd41ae79-8b31-4cd5-9f99-340912e40b4a","watson.is","","","","","","","","","",""
"fd0e7d19-044f-4c7b-bf4f-b38ff87e020e","finnosummit.com","","","","","","","","","",""
"fd07606d-29a2-4602-9465-74b5f209d460","dinamiks.mx","","","","","","","","","",""
"fceb9ed0-8b15-4d14-bb29-8e31328e9aab","starcomww.com","","","","","","","","","",""
"fce881a0-5d5c-49fe-bc62-cb440ae29877","eventcadence.com","","","","","","","","","",""
"fcdf9bb3-7278-4201-bdef-d25133a986c3","arts.ac.uk","","","","","","","","","",""
"fc8ee713-029e-4d8f-96ef-d9ac40a69868","nuclio.school","","","","","","","","","",""
"fc7d0ec1-2c35-495f-a533-c71843bf05c2","be-cgi.com","","","","","","","","","",""
"fc043407-7f68-4fb1-8345-c52a587f2802","arenamedia.com","","","","","","","","","",""
"fbe383d1-6b2f-45b6-b762-452d9b2873d1","clientify.com","","","","","","","","","",""
"fb6f0be3-e26d-42d5-b8b1-244ac945a5f9","creardigital.com","","","","","","","","","",""
"faaff966-607f-4439-974d-98e37138000d","tufts.edu","","","","","","","","","",""
"f980c478-751a-4176-80b4-3a1a1db6efbf","laika.com.mx","","","","","","","","","",""
"f9672286-929b-43ec-a8b2-94322a6d72a9","karemsuarez.com","","","","","","","","","",""
"f885aec8-4c48-4471-986e-f78309e7920c","mit.edu","","","","","","","","","",""
"f80605d9-9af8-44a9-9882-aa9312488482","iri.org","","","","","","","","","",""
"f7bf2a1e-a7b1-423c-a4b7-7ed183b07016","alum.vassar.edu","","","","","","","","","",""
"f73cd90c-7e56-490e-8237-ec2c1146e09b","crowdcast.io","","","","","","","","","",""
"f734ff28-03d7-4cdb-88df-d28fe14bb059","sanrafael.com.co","","","","","","","","","",""
"f704e7c0-6fa2-47e0-b369-ccefe59377eb","tesa.lat","","","","","","","","","",""
"f5827787-a4b5-4d1b-9531-632e28ca0a29","albanesi.mx","","","","","","","","","",""
"f54bb0a4-5932-40a3-9de5-f398d882eb43","santander.com.mx","","","","","","","","","",""
"f4ccb2ad-912a-4ebc-9be0-bf458dbda9eb","orchestra.global","","","","","","","","","",""
"f4b951fe-0fd2-4f0a-a0b3-552de96efd10","nowports.com","","","","","","","","","",""
"f460009e-8e31-4f81-a549-baf94affa1be","live.co.uk","","","","","","","","","",""
"f42546eb-cd94-4440-ab46-2736c5526067","schooldash.com","","","","","","","","","",""
"f3d2a59c-f55e-4862-a3bf-7cfed089ccc5","unam.mx","","","","","","","","","",""
"f211e4ba-fb44-4e6a-84ed-c3d6c4829acb","mail.egencia.se","","","","","","","","","",""
"f1dc9884-c07b-40c3-8c2d-dbfa440e44ed","lexia.com.mx","","","","","","","","","",""
"f15ca47c-b8a9-493a-b35f-00bdbadedbd3","imefuniversitario.com","","","","","","","","","",""
"f131f844-7e96-47a0-b32a-072c26cbb3aa","evolupedia.com","","","","","","","","","",""
"f0c5d750-cbf6-4f69-8047-3fef17577c29","cdcashedu.com.mx","","","","","","","","","",""
"f0ba591c-c256-4f62-9c08-b5d5fa652952","oasa.net.mx","","","","","","","","","",""
"f04502cb-8e7c-49c5-a025-843095126440","centralmedia.mx","","","","","","","","","",""
"f039dc34-0af5-431b-8fde-d25d1f590f36","parsedco.com","","","","","","","","","",""
"efb7ed9d-b09c-4cb0-83b1-98f9d23f9885","uva.nl","","","","","","","","","",""
"ef7f7005-61fb-4839-9643-076c98056ea4","talent-network.org","","","","","","","","","",""
"ef2bf444-056a-461c-bd68-e92702ed133b","govirtual.com.mx","","","","","","","","","",""
"ef206d3b-90ab-4101-92e1-29372f870e8d","ninchcompany.com","","","","","","","","","",""
"ee9d03da-454e-42ab-b810-89d4c7c9aaae","autocom.mx","","","","","","","","","",""
"ee5859c7-dffe-40e9-856e-6f970264eba8","contapp.com.mx","","","","","","","","","",""
"ed32da3a-7dc0-4da9-8e0f-08ee304e7cde","somosuno.marketing","","","","","","","","","",""
"ec57f0fc-1103-44e3-9f41-3013f5f50ba9","mobilityado.com","","","","","","","","","",""
"ebbf8f61-05d0-4cb8-8444-79f2faad0a9f","tbdmx.com","","","","","","","","","",""
"eb9ba4e2-45e6-4f26-b592-f598991abd44","inami.gob.mx","","","","","","","","","",""
"eb5b88ab-79dd-4329-92c9-dd37d68fdd19","igcs.com.mx","","","","","","","","","",""
"eb5b2cae-360d-45ae-8008-01a54e7d0221","walmart.com","","","","","","","","","",""
"eb1cb71d-2ea7-48f8-ab89-11b812dd8f71","unsub-ab.mktomail.com","","","","","","","","","",""
"eadbe2db-f918-4e75-abf5-920823cbc9ff","email.kntu.ac.ir","","","","","","","","","",""
"ea79cd6b-5387-41a5-954b-7dcad1be278a","hotelhaciendamx.com","","","","","","","","","",""
"e9fb895c-5935-4ad1-809e-9e18b9d9abdb","havasmedia.com","","","","","","","","","",""
"e9d82ae8-cfb0-47a3-b015-256d3da47952","talentprotocol.com","","","","","","","","","",""
"e9afb5c6-06c5-4026-82c1-daa939b054d1","tec-check.com.mx","","","","","","","","","",""
"e8d9c71b-b7b9-4ed1-94a2-7a458e86b7db","kontempo.io","","","","","","","","","",""
"e8214312-d72d-4431-ae05-3af5d13c7509","dibex.isdi.mx","","","","","","","","","",""
"e7bbc96d-2058-4800-b1dd-80cba68ad72d","morelos.gob.mx","","","","","","","","","",""
"e7b00c4c-f522-45ff-a3cd-6b2715c70d65","pilares.cdmx.gob.mx","","","","","","","","","",""
"e79f0ef2-0bff-47ec-9859-c579f02a2f05","mail.huji.ac.il","","","","","","","","","",""
"e765a274-2647-4ea6-aba7-d3602d129765","intracen.org","","","","","","","","","",""
"e74c4d91-a597-4282-8a64-02b7efc13472","nora.ai","","","","","","","","","",""
"e71dcb98-7986-4aa2-9495-f65628925c29","mendel.com","","","","","","","","","",""
"e6ae7210-da51-4dc7-935c-7ace25a05298","luisgyg.com","","","","","","","","","",""
"e6926963-fc39-4ec2-bd9e-5db2c1840cf1","clikautofinance.com","","","","","","","","","",""
"e61e52fa-33a7-442c-b627-82c9fb1bfe5f","institute.global","","","","","","","","","",""
"e613d08a-2f23-49b5-8f3f-13c14ae15d7e","kalpa-ventures.com","","","","","","","","","",""
"e60af662-9d0b-4855-bc29-523d4d032093","monash.edu","","","","","","","","","",""
"e608f872-62de-4dcb-a19a-189771d16265","bcognizant.com","","","","","","","","","",""
"e54c08c4-c616-448d-a5e4-fc5c020d05bf","brainlup.com","","","","","","","","","",""
"e4e5eed5-8d2e-4c75-85b8-feea676f3f46","inai.org.mx","","","","","","","","","",""
"e4c63039-7341-4616-823c-4dabd5e4e0db","malkarobert.com","","","","","","","","","",""
"e4b2e87b-8da1-4864-9190-5a22058d7798","vasscompany.com","","","","","","","","","",""
"e44161ff-d7e7-4936-ad97-2e15f5e39b82","unisg.ch","","","","","","","","","",""
"e419de12-3f6a-4908-951e-113da3f9076a","marketingfuturetoday.com","","","","","","","","","",""
"e3cb1971-a008-4814-a17d-6c4437a477ad","proa.structura.com.mx","","","","","","","","","",""
"e3985e7b-eee1-4be0-a8e4-5a3c8e9b3f0d","itu.int","","","","","","","","","",""
"e379a376-e612-4b92-b055-722d8fcc1965","apple.com","","","","","","","","","",""
"e372ba61-0c0a-4fc6-a9d7-ed9926ae6093","soypaolavillarreal.com","","","","","","","","","",""
"e3681557-6439-44c7-8a5d-ece4cf9d95d4","paypal.com","","","","","","","","","",""
"e323666d-2ef1-4603-a34b-9e50949e94b7","mib.isdi.mx","","","","","","","","","",""
"e31c6a83-a6cc-4080-99b8-a208455e427a","dev3pack.xyz","","","","","","","","","",""
"e2e91029-a0a8-406e-abae-67a3df5bfc21","investottawa.ca","","","","","","","","","",""
"e2d90ac2-c9f2-4702-b3ac-b4bc66a32d5e","witness.org","","","","","","","","","",""
"e2886883-1acb-4e16-b6ed-4e0f50ab51e3","itjo.edu.ve","","","","","","","","","",""
"e26e374a-8df4-4122-bd82-da9cc9ccf4ad","undp.org","","","","","","","","","",""
"e2539374-5624-41a2-ad2f-cf8bf7d2e63a","dosha.com.mx","","","","","","","","","",""
"e1f787e0-e1ce-47f6-8f01-cebcda8672a7","datapopalliance.org","","","","","","","","","",""
"e16fb74f-fae2-4bb9-aeed-fd0b004739d1","studyacrossthepond.com","","","","","","","","","",""
"e155a78b-7f2c-47bb-b5f9-b30fd65988c0","mail.unitec.mx","","","","","","","","","",""
"e0e8d9ce-ae29-491b-beab-6f8aa32c5c0a","softex.br","","","","","","","","","",""
"dfc283f7-3d2e-4260-ae41-600e72f33c15","goriders.mx","","","","","","","","","",""
"df828cfc-8d6f-4bc3-9fa0-5b770f25cd41","dtu.dk","","","","","","","","","",""
"df7624ee-1744-4e06-97a2-78e421d4d7a2","headaimediaon.net","","","","","","","","","",""
"df5ef370-aeb1-45bc-b0dc-3cec4c765b31","cmic.org","","","","","","","","","",""
"df27af3d-76a6-4106-b70b-4fa6e69ad006","enlight.mx","","","","","","","","","",""
"df016337-60f2-4639-8f4d-723b5a1d23c4","clasesedison.com","","","","","","","","","",""
"def7748a-9c7a-4b69-8948-be089861ac90","huggingface.co","","","","","","","","","",""
"deba9f9a-2696-4979-9e87-bdc54e534ef2","inbound.mailchimp.com","","","","","","","","","",""
"de6e07f9-fe7d-4705-a5ca-faed9e3db3f3","hsireno.com","","","","","","","","","",""
"de6472d2-8b92-469f-9cb4-b2369e0f7fb1","mercadolibre.com.mx","","","","","","","","","",""
"de2e8ade-071b-4a80-9c4a-2bff5aedd223","usmp.pe","","","","","","","","","",""
"de223c29-87d3-4511-9e83-bf8eff91664b","globalshapers.paris","","","","","","","","","",""
"dd917289-e041-48b5-aca5-f28ecabcf001","publicismedia.com","","","","","","","","","",""
"dd852584-4967-4dca-a4c5-4b98d4d73057","platzi.com","","","","","","","","","",""
"dcb54aca-b660-4f5f-9a3b-b717c77495d9","coinbase.com","","","","","","","","","",""
"dc92ff1d-2606-4e01-9170-9b76f4a387aa","estudiante-ede.com","","","","","","","","","",""
"db748248-ca8d-436c-b2cd-66918f6eb4d3","bilgiedu.net","","","","","","","","","",""
"daeaee20-c195-4420-ba93-75f58f368e88","wfglobal.org","","","","","","","","","",""
"dacb3739-5614-4774-92a2-fcf645455b30","polarsalud.com","","","","","","","","","",""
"da8df354-6360-4d06-9b33-4e1a97cca484","notimedia.com","","","","","","","","","",""
"da1d0b51-4f0d-40b8-a0bf-dec5f599d153","fintual.com","","","","","","","","","",""
"d9c211df-f161-4a11-bf92-d1c070b76081","live.com.mx","","","","","","","","","",""
"d9a16206-6bc3-42ca-bbbe-a8913e630b59","cam.ac.uk","","","","","","","","","",""
"d975403b-a9b4-423c-ad40-106d7d656b0e","biva.mx","","","","","","","","","",""
"d93d7fc3-741c-4b45-9020-f623200162d2","multiplica.com","","","","","","","","","",""
"d92b074c-049e-4148-8f2e-0dcacf8efcab","condenast.com.mx","","","","","","","","","",""
"d84c4885-e548-4d00-83cc-55feca1a5a23","worky.mx","","","","","","","","","",""
"d83d05f1-f1ed-4406-8b1b-7f97af45ca10","isdi.mx","","","","","","","","","",""
"d82baa1d-d2b3-420e-93c2-0c225cc67ede","mpi-sp.org","","","","","","","","","",""
"d7911dbc-2b7f-4ef9-afd5-9f3b215fb0c9","propelland.com","","","","","","","","","",""
"d74ed439-c32b-4bda-881c-ad132cc01f91","marhnos.com.mx","","","","","","","","","",""
"d6f178b3-f5c8-4358-9e34-e90fedacc926","theopusgroup.com","","","","","","","","","",""
"d655f9d9-d3a3-4e43-9f6f-4271ab074a98","bpba.com.ar","","","","","","","","","",""
"d5868fbf-f700-4f39-b628-503e8c2bb3f6","afirme.com","","","","","","","","","",""
"d40470e8-f999-413d-b938-e0c38be481f0","queridacomadre.com","","","","","","","","","",""
"d3711d6d-5e23-4cff-b09a-b30163f151c6","tuchispa.com","","","","","","","","","",""
"d320c923-a305-482f-ac76-a04e70a12442","hct.ac.ae","","","","","","","","","",""
"d2db6091-3d50-4f59-a36f-9e642ec4563b","angelhack.com","","","","","","","","","",""
"d27c871c-c66d-42d6-a985-ae8ca4bc885b","puih.mx","","","","","","","","","",""
"d26624f1-8e4f-4146-b98c-e60546dd0631","pangeadigitalmarketing.co","","","","","","","","","",""
"d23d2bb2-d762-46e5-858c-af006304300e","monex.com.mx","","","","","","","","","",""
"d14388ac-be24-468f-ac93-0f6c0d0fc465","earth.ac.cr","","","","","","","","","",""
"d0fc2506-6c56-4621-85c5-3a3170fdcd45","netadelvc.com","","","","","","","","","",""
"d0bfe8a9-351d-48db-9cbd-4374351ad6c8","aiforpeace.org","","","","","","","","","",""
"d0b2fb44-9ed9-40a5-9a83-f33a448b9374","fuckupnights.com","","","","","","","","","",""
"d05ed75a-720a-49a6-8ce4-ba47a5fbf337","eidosglobal.org","","","","","","","","","",""
"d0462981-9151-4d79-8b0c-7ae41f58cc25","unsubscribe2.customer.io","","","","","","","","","",""
"d0443fa6-054e-4a28-bbf3-66448c178784","fundacionbeca.ne","","","","","","","","","",""
"cfef57d8-9dbc-4ea2-9b59-b57930636282","wedaolatam.com","","","","","","","","","",""
"cfedf8cc-53ed-445b-ba7f-97bb7e12c3bd","carbonof.com","","","","","","","","","",""
"cfe01854-e4f9-4baf-aad7-3f0e768384c4","ualberta.ca","","","","","","","","","",""
"cf4d69d2-a608-4213-b0d5-17fc9911055a","coppel.com","","","","","","","","","",""
"cf1806e6-b529-4d95-9924-6fe0ec7d9241","ihintelligence.org","","","","","","","","","",""
"cdd78e2c-fb53-4d41-9da4-93a8ff486a30","ca.fbl.en25.com","","","","","","","","","",""
"cd223a7d-3908-4cd6-bcf7-f9cb6fc00765","nubank.com.br","","","","","","","","","",""
"cd1ad04e-93e7-4cc8-ac90-b5f358fcfc93","adm.dtu.dk","","","","","","","","","",""
"ccffdc57-1e21-45ff-95e7-c6c3668416c7","publicisgroupe.com","","","","","","","","","",""
"ccdd1f2d-32ef-415f-b442-09ab84e5396e","cargill.com","","","","","","","","","",""
"ccd8877e-cbd6-47a8-bcce-b7e825c93dd1","dif.tech","","","","","","","","","",""
"cbeae2f2-422c-42d8-a157-b946d4df05ae","nasdaily.com","","","","","","","","","",""
"cb6f96bd-d281-4def-b076-1037287d112d","secretarioimefu.com","","","","","","","","","",""
"cb6e581b-779d-4a9f-848b-3df9e418dcce","isdi.education","","","","","","","","","",""
"cb31b03c-12a7-4e7d-89a2-756e2949eef5","esto.com.mx","","","","","","","","","",""
"caf0e9e1-f23c-41ca-915e-e0d0fbc341a9","nas.io","","","","","","","","","",""
"caa304b5-30cb-4ba1-a6bc-c3b4289be45a","amerike.edu.mx","UNIVERSIDAD AMERIKE","","","","","","","","",""
"ca83c7d4-ce04-4715-8549-171ad75ad77b","t-online.de","","","","","","","","","",""
"ca7b8232-cb33-4885-a76e-61a1b9cdc6eb","animoanimo.com","","","","","","","","","",""
"ca6523cb-bc3a-44c6-bc0a-326a883adc97","cnrs.fr","","","","","","","","","",""
"ca26297a-db58-46e3-a403-f312bc1f807a","live.nl","","","","","","","","","",""
"ca160848-9613-427e-9f64-4cbe2b27e271","dmcsystems.mx","","","","","","","","","",""
"c9bc2a69-915f-42a9-b312-3062a1e9ae9a","ashleighstreeterjones.com","","","","","","","","","",""
"c995a987-8c4b-4dba-89df-e3859f7ebf02","ecom.isdi.mx","","","","","","","","","",""
"c962cf6b-e3e4-47d5-aac0-4528a437682a","simalco.com","","","","","","","","","",""
"c91944ee-4db1-465b-9e68-aec35b3b9bc6","aura-mx.com","","","","","","","","","",""
"c8b180ab-f1d2-4219-ad0b-028e50f58cac","abaroli.org","","","","","","","","","",""
"c89bac02-4a17-4d4d-83b3-6ea4778b1794","car-e-mobility.com","","","","","","","","","",""
"c7df7cc4-2fe4-47dc-ab44-4a58ed8e5ef4","lancaster.ac.uk","","","","","","","","","",""
"c76ca498-85df-4be8-917f-32fc427f3d19","allvp.vc","","","","","","","","","",""
"c706cb60-ad5b-441a-82d9-6466c9d43799","ag-contadores.com","","","","","","","","","",""
"c6fe0a68-dbbe-436f-b9d4-c9dc4c6e29ad","epicqueen.org","","","","","","","","","",""
"c6ed4551-2f60-4e64-b1c1-4622881aefcd","docusign.com","","","","","","","","","",""
"c6d2411c-0d82-496f-b70c-b6ce0c2af411","upemor.edu.mx","","","","","","","","","",""
"c62c0b68-2a64-417f-822c-f0f4172c8dd7","blackbot.rocks","","","","","","","","","",""
"c6290638-9a6c-4a85-a10d-cbc6de1721d0","jcdecaux.com","","","","","","","","","",""
"c5e35e26-1985-40f4-8e14-babf975c8283","buehub.com.ar","","","","","","","","","",""
"c56e3061-2818-4279-add6-0eaf45e2c315","liaisonscorporation.com","","","","","","","","","",""
"c51e73ac-8e69-4be0-ad3c-0a3ea121e958","entropia.ai","","","","","","","","","",""
"c504cbf5-ff48-4ebe-898c-1da06140a35e","mindshareworld.com","","","","","","","","","",""
"c48983bc-f672-4baf-9d75-63404df99cb1","inspiredselection.com","","","","","","","","","",""
"c41ef77c-0caa-496e-a80c-21609b9ba536","ngc.com.co","","","","","","","","","",""
"c3c73886-18f0-4cee-93e6-25933c77ab20","ibero.mx","","","","","","","","","",""
"c3649215-5c59-4e6f-8dec-092edcf5e0d7","ticketmaster.com.mx","","","","","","","","","",""
"c358e1ac-d0f4-473e-98c9-9bbc0be520b5","anahuac.mx","","","","","","","","","",""
"c24707bf-0bbd-49c7-9ef2-2952a5fcff71","eon-institute.com","","","","","","","","","",""
"c21da208-b1ec-4089-b3f8-d907608fe186","somosradar.com","","","","","","","","","",""
"c1e53164-cc93-48a3-bd28-b30e6f88fede","proacomunicacion.mx","","","","","","","","","",""
"c1796567-cfa6-44c6-b905-36012663f4a7","gammacampeche.com","","","","","","","","","",""
"c0bf8eca-fb25-4238-aff7-35297459e1ac","havas.com","","","","","","","","","",""
"c0bac321-88e6-40d3-b041-ec5bb9e30f34","g.clemson.edu","","","","","","","","","",""
"c08c8d4c-118d-4ce7-a85d-394352ee13d4","pitchjams.com","","","","","","","","","",""
"bfc5395a-268d-4fca-9c8b-c5c19455691b","publicisresources.com","","","","","","","","","",""
"bf9b4109-37ce-4e16-8f7c-fe7ec7630d87","centromexico.digital","","","","","","","","","",""
"bf2241a0-1463-4de5-9bf6-06f5d80dcf21","acadium.com","","","","","","","","","",""
"bef61887-02f2-407c-b12f-4a4cf742d606","magnet-labs.com","","","","","","","","","",""
"bed8fb86-f3b6-4119-816e-80d134e4fe6d","meta.com","","","","","","","","","",""
"becf4e8b-d1f1-4c33-9d0f-d10c9f78e7a3","dw.com","","","","","","","","","",""
"be9b18a4-fdec-4d27-9f27-e4b26105b51b","linkedin.com","","","","","","","","","",""
"bdcaddb4-4a16-43ba-becb-b2a97118fe95","elsoldetampico.com.mx","","","","","","","","","",""
"bd1b2db3-2750-4d95-8081-c64cce8d91b3","fireflies.ai","","","","","","","","","",""
"bc00c381-47ca-4583-a581-544097946f86","ciencias.unam.mx","","","","","","","","","",""
"bb359007-d81b-4b1f-a5b1-2e9e4c85c5b5","conecta.com.bo","","","","","","","","","",""
"bb1ead95-3022-484b-84e2-6081af9de528","laikamascotas.cl","","","","","","","","","",""
"ba541b0c-7667-42e9-ba84-a5544d4d950f","kntu.ac.ir","","","","","","","","","",""
"ba1d0555-af14-46c4-a732-3bb7a19a1567","speakhers.co","","","","","","","","","",""
"b9a861bf-5aad-4e6b-8167-611fdafac793","glaad.org","","","","","","","","","",""
"b916e68d-92fd-41d9-a5dd-ed3b06c918e7","vanderbilt.edu","","","","","","","","","",""
"b85ab36e-d01c-4d06-88fd-907c1227fb14","bluemessaging.com","","","","","","","","","",""
"b858f182-ab72-4cd4-b86e-5bee65764c24","toratamining.com","","","","","","","","","",""
"b81df182-20ab-4320-b301-fa623459e714","ifit-transitions.org","","","","","","","","","",""
"b715ed84-e835-4900-befd-a28af19dd597","333corporate.com","","","","","","","","","",""
"b6ab3681-9aab-46a6-82c7-d9028d378992","politicas.unam.mx","","","","","","","","","",""
"b699092f-8113-44f6-9a16-55242991bf4c","aithenewsexy.com","","","","","","","","","",""
"b69004cd-b02f-41db-9104-55a0267e57b8","animalpolitico.com","","","","","","","","","",""
"b567b2d6-90d1-4139-963c-26a933faf114","headaisendmax.org","","","","","","","","","",""
"b5586c6d-d01d-4f8a-a2dd-e2a71590b7d9","telefonica.com","","","","","","","","","",""
"b522b9d7-733e-462c-af70-7ff8fed539dc","visa.com","","","","","","","","","",""
"b48ef378-bb30-46bc-8305-23e7f8f7bd55","datagenero.org","","","","","","","","","",""
"b4573c36-9157-4c50-8e12-1bb35340bf57","nfashiont.io","","","","","","","","","",""
"b33d56f2-06e5-4211-8afb-8e323ea88b8e","oem.com.mx","","","","","","","","","",""
"b264a567-ad31-46bf-bbbe-006902e40cb8","caidp.org","","","","","","","","","",""
"b14f1170-4cb0-4d45-a27e-a551b5a100d0","kemeny.cl","","","","","","","","","",""
"b13811e0-8765-443f-bd5f-d065ed8754b6","alumni.ku.dk","","","","","","","","","",""
"b12e5581-de79-407f-8a40-2e66eba83e5b","hks.harvard.edu","","","","","","","","","",""
"b0cd61f4-92c8-4e1e-9aea-974f66fe322d","withkhora.com","","","","","","","","","",""
"b0979893-126a-4e05-b6c2-06a33162e6d4","mailsap.com","","","","","","","","","",""
"b0852bb3-1f04-4096-b0ac-e521a6c646a0","eaglobalx.org","","","","","","","","","",""
"b07d8325-b3b9-4d64-88dd-6e52dda29119","retailymas.mx","","","","","","","","","",""
"afbe0017-ae3b-4dc3-90d9-db9ba54ea4e5","rulmanzana.com","","","","","","","","","",""
"aee84329-655d-4cc3-950b-cc2121a2e94e","aithenewsexy.onmicrosoft.com","","","","","","","","","",""
"aedb1949-08bb-41b5-87c0-70bec0d382ee","foodology.com.co","","","","","","","","","",""
"ae4f906e-0c24-493d-8ce3-2f5408c30e23","mwgroup.com.mx","","","","","","","","","",""
"adeabffb-e16e-4ba1-a07c-59f5c175fa20","elpocas.com","","","","","","","","","",""
"add8b5f5-4659-4432-a418-116f972c1b8b","mmaglobal.com","","","","","","","","","",""
"adb1f79f-bb6b-4d1d-97c2-22ab41401f35","lewagon.org","","","","","","","","","",""
"ada87a87-e468-46c3-9458-6fdccce28bc7","emergentline.com","","","","","","","","","",""
"ad977546-5ae2-4e07-a6cd-77891a9ed8e2","nowad.com.mx","","","","","","","","","",""
"ad7168d0-59bc-44da-b0e9-e375bfe2966a","ilab.net","","","","","","","","","",""
"ab5f9255-3ca1-4948-b683-37789dd8666c","zoom.us","","","","","","","","","",""
"ab2d3c93-2d36-4545-b54a-d6304c890657","dominatingkeywords.com","","","","","","","","","",""
"ab2272da-1baa-40fe-a1c1-b4594b2ed0d0","udel.edu","","","","","","","","","",""
"aae78774-531a-4e64-b507-99a908d83b50","unpackai.com","","","","","","","","","",""
"aa2e94bb-bde2-4a73-85a2-99f9f9c963c0","uottawa.ca","","","","","","","","","",""
"a98a154b-4dbd-44b0-83f8-74e9143fd9db","soulnetnet.com","","","","","","","","","",""
"a94542b2-95f1-49cd-92c9-9d7e684c31f6","allenamenti.com.mx","","","","","","","","","",""
"a93da8be-f17c-47bb-ad8b-9632b9f595b4","bloomberg.net","","","","","","","","","",""
"a8577e88-31eb-40a7-8ce6-939ac3d334ac","3angle.mx","","","","","","","","","",""
"a7e41f32-0b79-44e7-8863-440c415b03bf","uvp.mx","","","","","","","","","",""
"a7d491d6-70d5-4ec7-9846-c6ad1960fd9b","dgap.org","","","","","","","","","",""
"a700801e-1f35-422e-b12e-f4d08addc14f","cclagroup.com","","","","","","","","","",""
"a6d5b8cb-2c09-42ba-9307-e47590a3b21e","shegetsshitdone.com","","","","","","","","","",""
"a6099a7a-fbc6-40b8-83c3-73decaed7711","uoc.edu","","","","","","","","","",""
"a5e810eb-4fef-47ee-b164-cdd2ed0fb493","stanford.edu","","","","","","","","","",""
"a5d67efa-bfbf-43f3-8a99-c25433abc0d8","citibanamex.com","","","","","","","","","",""
"a4c9f3b9-4d0c-49a7-92e4-8ad6dbdc0e67","meximalist.com","","","","","","","","","",""
"a4b7719c-b043-46c4-a355-254a9a1bf11a","mck.agency","","","","","","","","","",""
"a48f3cff-eb9c-4a49-b36c-c6db66673b62","thebestc.com","","","","","","","","","",""
"a488c6ce-dfc5-4951-8a99-25148b5decce","fireblazeaischool.in","","","","","","","","","",""
"a4392f3a-46c0-4db7-9476-7e0bc08b1732","zendesk.com","","","","","","","","","",""
"a437bdea-c179-4f10-b67a-a4bcbfe94f12","sussex.ac.uk","","","","","","","","","",""
"a34cd0af-514b-4102-a278-f3360ec534f8","edgehub.edu.mx","","","","","","","","","",""
"a32d2071-dfeb-4bb7-a08b-98c50f3fc520","fongit.ch","","","","","","","","","",""
"a2480365-2f01-4f59-a79e-38936d636616","wavynode.com","","","","","","","","","",""
"a1df2ecf-4470-41ab-81bd-91dcc38e8824","hospitalgalenia.com","","","","","","","","","",""
"a0fd0d41-41c1-406c-93f9-f922de32a223","themindfulaimanifesto.org","","","","","","","","","",""
"a097c305-5988-439b-8e16-ebc9e30c8da2","unsubscribe.emailinboundprocessing.eu","","","","","","","","","",""
"9feade8b-021c-402c-b689-f178df9aff35","plaud.ai","","","","","","","","","",""
"9f41390a-a59a-41fd-80f1-d7ead6885e61","cowater.com","","","","","","","","","",""
"9f0aaeda-826f-49e6-82f0-d290dd56ac9e","latinoseguros.com.mx","","","","","","","","","",""
"9eecea48-2874-4d1e-88e2-f5b71d41c518","coca-cola.com","","","","","","","","","",""
"9e7a8877-980b-46ff-801c-22350ba030ab","mercadolibre.com","","","","","","","","","",""
"9e1ca1e8-9e3c-44b5-a195-d2353cc41218","elsoldesinaloa.com.mx","","","","","","","","","",""
"9d9a11c0-dc83-44a7-85fa-245c1b93feb0","innovationsolutions.eu","","","","","","","","","",""
"9d849fbb-c651-4bcc-8d47-256bace859a1","intercom.com","","","","","","","","","",""
"9d7ccd61-c635-4593-8019-f48d4928389e","theodora.ai","","","","","","","","","",""
"9d389b88-ffce-40b0-aa41-e0e058612775","harvard.edu","","","","","","","","","",""
"9cdf7986-ca69-4fb1-84a9-93535d23b84e","expediagroup.com","","","","","","","","","",""
"9cdf50d3-142e-4e51-ae61-cc108c83a5e8","gpbebidas.mx","","","","","","","","","",""
"9cd0a82a-2785-4902-8f52-a78aba5b6074","cbsnews.com","","","","","","","","","",""
"9cc40be0-a0ed-4e67-ab2f-40be7aa00110","georgetown.edu","","","","","","","","","",""
"9c8d9ef6-7cff-4888-a012-79f274e8df6f","canaldevelasco.com","","","","","","","","","",""
"9c880e40-e976-4334-8257-2512b4688df1","ingridmedina.com","","","","","","","","","",""
"9c5dc8bc-8988-43f4-a233-04499fce627e","justo.mx","","","","","","","","","",""
"9af5b0c5-2e4f-4c41-8b9c-17f61613ce6e","lu.ma","","","","","","","","","",""
"9ac4f7d4-edc4-40f8-afbc-513cc3c77365","tenet.com.mx","","","","","","","","","",""
"9ab9531e-c873-41e1-b995-cb5246a518e3","correo.nucleares.unam.mx","","","","","","","","","",""
"9a72721d-557b-49e7-9e27-1f1c9f14117a","arturosalas.com","","","","","","","","","",""
"9a724f4a-5c2d-4717-a072-08275ab7124e","lukaskistler.ch","","","","","","","","","",""
"9961e906-1f74-4795-ae38-a0b70418981a","sre.gob.mx","","","","","","","","","",""
"99365f6a-b0c5-4ee7-ae8a-a8e023f52fb2","datamorfosis.mx","","","","","","","","","",""
"9800ebc3-19a5-4f9b-92ec-ce38201c4380","needed.education","","","","","","","","","",""
"96b73ae1-99dc-4c40-99ec-55dfb3f5e5ae","ubits.co","","","","","","","","","",""
"969afc0d-61ba-4a2a-a85b-71752a2cf15e","attio.com","","","","","","","","","",""
"969abd57-87e5-4779-961c-2d4b987d15e2","finanzascolorderosa.com","","","","","","","","","",""
"965571d2-68f8-421d-89e3-3be051874441","eda.admin.ch","","","","","","","","","",""
"961251a7-93a0-4982-a9e4-f0d106c031b6","tridenteideas.com","","","","","","","","","",""
"953b330e-9b1a-4e5f-bd51-474466f5dbc8","creator.headai.io","","","","","","","","","",""
"95037698-c9e0-4c25-a706-e78e3ee83c0e","verkada.com","","","","","","","","","",""
"94db6005-5473-4197-83de-88aa43f772c6","medialab.agency","","","","","","","","","",""
"94ba4d51-4aa1-4536-9a1c-081222f50c42","alfafundacion.edu.mx","","","","","","","","","",""
"94ad0285-efd9-401d-9379-3d75a4c6c0be","wavynode.slack.com","","","","","","","","","",""
"94750cbf-6588-4da8-8311-8eb3574dc88d","liil.city","","","","","","","","","",""
"93b14d76-75c6-4525-bc80-4b0864dd9032","sparkfoundryww.com","","","","","","","","","",""
"93912dee-61e2-4881-b004-e591b1b4291f","bb.com.mx","","","","","","","","","",""
"935b9d3f-527a-4dd6-a839-c00b475d39d6","qittani.com","","","","","","","","","",""
"926056af-f427-4f2d-8a52-f5163b61626b","fourpoints.com","","","","","","","","","",""
"922763f4-d59f-40bc-8ad7-2ae1f1231dd0","airbnb.com","","","","","","","","","",""
"91cc8df0-8d3a-467e-99a1-2ba74f8c417a","morishaw.com","","","","","","","","","",""
"913825cd-5458-4f1c-9809-094d1a4c0999","texturascomunicacion.com","","","","","","","","","",""
"90b6dcf4-ad29-41af-889c-8497a415a926","audiolibre.pub","","","","","","","","","",""
"909c97b7-0af8-4595-bc85-4a7dd842c576","elektra.com.mx","","","","","","","","","",""
"901707e4-ff0c-4d1b-9d4f-50e025873988","miranda-gr.com","","","","","","","","","",""
"900645cb-1c9f-4b87-8c2f-eb9dccf48fc4","finnovista.com","","","","","","","","","",""
"8ff81e34-c2c5-4dce-b86f-e0d8c7a11bd4","clocktowerventures.com","","","","","","","","","",""
"8fa9d38a-27c1-4abc-b081-9934f4b07a89","mailudd.udd.cl","","","","","","","","","",""
"8efe882c-f9d5-4efb-b6ae-70a7968b463d","alumni.nd.edu","","","","","","","","","",""
"8ebc6156-e7a8-42a6-9ae9-8fbb644cb8a7","metaworldcongress.mx","","","","","","","","","",""
"8eafd78c-9ad8-48a7-8b81-21cf0c38159f","fundacionbeca.net","","","","","","","","","",""
"8db4592b-0a31-4648-ae64-b79c74b9cea7","bancoppel.com","","","","","","","","","",""
"8d9e8282-5f16-4663-a35e-75483c7fb764","brutalrocks.com","","","","","","","","","",""
"8d629353-d3c8-4972-a6d1-1d783f5e5390","crehana.com","","","","","","","","","",""
"8cde75c9-2a27-4b14-be1c-4ed44e458476","teclab.edu.ar","","","","","","","","","",""
"8cc3210d-3be8-453d-ab44-c8a5149581fd","groupm.com","","","","","","","","","",""
"8cb57f19-a2a3-43e6-997d-b411ce959a92","exlservice.com","","","","","","","","","",""
"8bc385ff-baa3-4a56-a127-0756ebb1025a","connecteducation.mx","","","","","","","","","",""
"8b245838-8afe-4542-815b-69839836739a","citi.com","","","","","","","","","",""
"8b0a279f-35a0-4d3f-b306-781ad0913fd7","pogen.mx","","","","","","","","","",""
"8ac806c3-8297-4930-bd83-821881ad0177","lumofc.com","","","","","","","","","",""
"8abcd17a-218f-4535-a6f2-71e3da653d89","contraintuitivo.co","","","","","","","","","",""
"8a80ce19-14a8-4fcc-88ea-6225826e1446","cs.linkedin.com","","","","","","","","","",""
"8a4f2eff-5f87-4c7f-8b5f-6d398a9b8cbf","vc4a.com","","","","","","","","","",""
"89d30b27-2610-4e24-acae-1a66029e6362","mappabiz.com","","","","","","","","","",""
"89cb3459-dbcc-4484-bbc7-6eeb6231fcbc","conjur.mx","","","","","","","","","",""
"88e45bd0-a80b-49e7-bedf-4378cd2e4a78","heinekeninternational.s01.eur1.teams-events.com","","","","","","","","","",""
"88b518f0-7862-40fc-996e-decf72010734","revolut.com","","","","","","","","","",""
"881039f2-85b1-4c96-87ad-3a3ad79dbd42","brandmanceagency.com","","","","","","","","","",""
"880c25af-b2ee-44b5-a611-1760d17d56dc","heygen.com","","","","","","","","","",""
"87a2f424-021a-4161-82e4-89c16f5c6971","di.dk","","","","","","","","","",""
"875fd9c3-523b-4dc6-beb6-38745893c98e","endeavor.org.mx","","","","","","","","","",""
"874e7181-a87e-4a3a-a38f-ce7182939b68","vadi.com.mx","","","","","","","","","",""
"8724298b-c484-48d5-979c-c9105013adae","kg.rwth-aachen.de","","","","","","","","","",""
"86db4bab-e50c-4cbd-bb15-e28c6a4744d0","ana.care","","","","","","","","","",""
"85948df8-91a9-4703-a8cf-1878eb70e64b","nhs.net","","","","","","","","","",""
"8563867c-7b38-41c2-ad04-b87b2e65381e","mendezynewton.com","","","","","","","","","",""
"84d1cce9-d449-4eb9-86fb-c2d5ab2a024e","amplifica.capital","","","","","","","","","",""
"849ac062-76dc-40e3-8979-4cd18b189cee","dimarka.com","","","","","","","","","",""
"842cd074-5948-413a-92e3-32528da58193","secretario-imefu.com","","","","","","","","","",""
"8413b949-392d-43ca-b5d0-a17618a0bcf8","unisinos.br","","","","","","","","","",""
"83a3339f-aff8-4e2a-8ed7-c8be4ca7ba3e","10xmoonshot.com","","","","","","","","","",""
"8353ec35-d017-4d31-80d4-0cbc7edd90ff","imef.org.mx","","","","","","","","","",""
"82707789-8a57-4870-b8ec-1c555669b084","lafirmacapital.com","","","","","","","","","",""
"8262db30-e6ee-444f-b40a-028ecd70b706","promobranding.mx","","","","","","","","","",""
"81e9270e-3c9b-4bd1-8463-a3fec9110818","fitaxa.com","","","","","","","","","",""
"81c28060-bddb-4ec4-a950-4010ca7bbc48","colegio-bourbaki.com","","","","","","","","","",""
"81b11a56-50e9-4534-b0a7-7cc4e736ce6a","rankmi.com","","","","","","","","","",""
"81ab32e1-b7ea-4051-bbb3-bd242408eb25","akamai.com","","","","","","","","","",""
"8122b943-c7f6-4d42-bc00-93bfd4b8b472","ausbdm.com","","","","","","","","","",""
"80775d31-d4b4-4c0c-b00e-786f10b04ee9","dynatrace.com","","","","","","","","","",""
"7fca7f44-6a16-4fb4-b6ac-20d6012c3129","phdnetwork.com.co","","","","","","","","","",""
"7fa54a36-e433-4b9b-94e7-36f7873729f8","telesign.com","","","","","","","","","",""
"7f99032f-2d0b-43d1-84e8-490cb6a88b97","kpmg.com.mx","","","","","","","","","",""
"7f764c0a-3c90-4c91-bf33-1da53d7d073a","incmty.com","","","","","","","","","",""
"7f5185ad-e484-47b8-b586-c063d54197ea","belvo.com","","","","","","","","","",""
"7f09255a-fd90-4002-9270-c3da0654ea47","edenmed.com","","","","","","","","","",""
"7efd2708-86c4-4761-9840-155ff11a9d10","creatividad.com","","","","","","","","","",""
"7ef6359d-9c8b-40b5-9a47-6d29bf29f625","fridaruh.com","","","","","","","","","",""
"7ef569dd-d524-4378-8af4-334dc15e6a54","kaszek.com","","","","","","","","","",""
"7edd4cad-f7f2-47c8-9460-bdeb66bd3b17","sib.wedonthavetime.org","","","","","","","","","",""
"7e971a22-efb4-4db5-913e-d8395194626e","microsoft.com","","","","","","","","","",""
"7e1bc7e9-a23c-4159-bf91-006854cf3fd5","posteo.net","","","","","","","","","",""
"7e1a4180-4c2e-406e-8789-6bcc21230beb","grouhub.com","","","","","","","","","",""
"7e10e6a8-11c8-4a31-a512-04b7c824ad9e","unicco.com.mx","","","","","","","","","",""
"7df7f6d6-3b92-49a0-ac54-00548d105080","adm.ku.dk","","","","","","","","","",""
"7dbe97b8-b9fa-4c9f-ac32-0e373fe8181a","havasplus.com","","","","","","","","","",""
"7bfe91e8-cd93-4044-9a1f-21d87d7a6162","mujeresinvirtiendo.com","","","","","","","","","",""
"7bac4e0c-941c-4167-a6b2-79f9dd582f82","bylukka.com","","","","","","","","","",""
"7b74fa0a-6397-4afe-b84c-3734c80ccf48","sivale.com.mx","","","","","","","","","",""
"7b74cc31-22c3-4299-8988-31771da07db9","calendly.com","","","","","","","","","",""
"79ce5e12-537a-4be4-a055-8d9dafc0a57e","futurist.mx","","","","","","","","","",""
"79b2ba46-d4e6-4a88-91a2-ed76987d7d4e","regsvc.com","","","","","","","","","",""
"79aa6416-7a3f-40f5-9b78-d98093b5ca0c","ab-inbev.com","","","","","","","","","",""
"78f3b789-3000-4de5-a697-4df96df3def0","banorte.com","","","","","","","","","",""
"78e4b902-6a9e-49af-b924-dff5da0cee4b","cceirapuato.org","","","","","","","","","",""
"78ac63c5-271b-4b6a-b4d2-23a311913126","ignia.vc","","","","","","","","","",""
"774d8409-f0e4-4daf-9beb-595317044ea9","lideresdigital.es","","","","","","","","","",""
"763dc8f7-e11c-4f54-b7cd-8f1c83dedf56","dell.com","","","","","","","","","",""
"762bf42d-c1f6-4db0-8ff4-9a0503444c9e","odellaglobal.com","","","","","","","","","",""
"75a952a9-f1ab-4b92-aeaf-41352d39b9b5","conjur.com.mx","","","","","","","","","",""
"75a1f6d1-349d-4551-a4f1-84d81f4d7555","kapital.mx","","","","","","","","","",""
"754cce7f-21e1-4fe8-9c41-8d721929ee30","umontreal.ca","","","","","","","","","",""
"75258dac-6f06-4b0a-b741-817e07b9fe8c","ganem.mx","","","","","","","","","",""
"7524aa4f-651a-41c3-91a3-7ca07ba5b595","intelisis.com","","","","","","","","","",""
"750ad1c6-0934-4173-8a86-801a01b441e5","yalo.com","","","","","","","","","",""
"746dff9d-15e2-4427-9381-e01259af333d","beek.studio","","","","","","","","","",""
"73c429a7-4faf-4e96-a07b-ccb75396bd17","materiales.unam.mx","","","","","","","","","",""
"731a0bd1-923b-4ea7-85c2-6f5bc9165e59","kiwihub.ai","","","","","","","","","",""
"7228a271-a99e-4b30-8e10-8d6486d1432f","austrade.gov.au","","","","","","","","","",""
"71f16fbc-b1e1-417e-bf86-9140c004b3be","universidad-uic.edu.mx","","","","","","","","","",""
"71a145de-0e1a-4846-beb2-730b5701f927","vrdemons.com","","","","","","","","","",""
"71901562-f5cd-48a1-8d99-016d28067b7c","msudenver.edu","","","","","","","","","",""
"7128cc2c-89e1-4931-9131-d3151271dc7a","nancynsalazar.tech","","","","","","","","","",""
"70c95f97-cf73-49eb-97a3-f7ac084ee789","futureurbanliving.com","","","","","","","","","",""
"70214f0f-9e34-424e-967d-2028e5de8b61","elissaglorie.com","","","","","","","","","",""
"6ff549de-808a-4955-a2d9-07d09462661a","emaly.com.mx","","","","","","","","","",""
"6ff0349c-09be-409c-8de3-25cfa7aecf39","shared.klaviyomail.com","","","","","","","","","",""
"6fce93de-f306-47ab-84fb-aed647c12ff9","weforum.org","","","","","","","","","",""
"6f9b4e77-97c7-4f9e-8f83-969954b2c5db","puntored.co","","","","","","","","","",""
"6f8c5e4e-9d0f-41c2-87ea-e01837f83afe","adivor.com","","","","","","","","","",""
"6f770e10-bdff-4a5d-a427-de68a46f6b24","elsoldezacatecas.com.mx","","","","","","","","","",""
"6f2983eb-41af-467a-b597-adc7431e0d83","tecnogama.com","","","","","","","","","",""
"6eafac3b-cd4e-4ba7-839c-00fd179320a2","kapital.com","","","","","","","","","",""
"6e2913cd-3f64-4735-87d2-589dbf622071","uniqexperiences.com","","","","","","","","","",""
"6de0872c-cb40-4e8c-8496-9cdd94b941bc","merakimexico.com","","","","","","","","","",""
"6d678519-43b0-4f68-916f-d2ecce714e98","abm.org.mx","","","","","","","","","",""
"6d1c75cf-63a0-4d36-8980-e89d324bf70b","cemda.org.mx","","","","","","","","","",""
"6c926159-13a8-4bdf-8096-5cfdb5bf1dbe","pucp.pe","","","","","","","","","",""
"6c5742dc-bc25-4f1f-803c-78389d288385","chg-meridian.com","","","","","","","","","",""
"6c17df95-4b53-4f67-8ce8-a3b95f98ffbb","amimexico.com","","","","","","","","","",""
"6b9de2ef-c9ee-4f55-b7e5-0fe500d99c58","mgatc.com","","","","","","","","","",""
"6b4ab869-0610-4d15-b758-b56195ed4971","qmul.ac.uk","","","","","","","","","",""
"6b2c9b8c-45f2-4b7a-adfb-647fca4ca32c","wepropel.org","","","","","","","","","",""
"6ac80df2-7063-47bc-96ae-7b63e1e65834","bunniers.com","","","","","","","","","",""
"6abc6f0d-e072-4c60-abc2-ea080b7937cc","brainfood.cl","","","","","","","","","",""
"69755cf1-bf01-4fa1-bfde-f801d24f40c1","bf05x.hubspotemail.net","","","","","","","","","",""
"68e17c7e-fc53-4f6b-9b98-3dd9fa0aee8d","mma.isdi.mx","","","","","","","","","",""
"68d2968b-dffb-43ba-bb14-486e273a3ac3","helen.fi","","","","","","","","","",""
"686607db-980c-4d36-9145-095746446639","unsubscribe-eu.customer.io","","","","","","","","","",""
"67a03c33-5364-4a75-807d-e106193206ab","fcdo.gov.uk","","","","","","","","","",""
"677ad71c-b5b3-458e-bafb-88606ca7b392","bci.cl","","","","","","","","","",""
"66ff4149-791d-4bc4-984a-620fa9fe0b5f","kendrickpropertyservices.co.uk","","","","","","","","","",""
"66eef40f-add0-4999-a1a8-235d966028c8","hi.vc","","","","","","","","","",""
"669fe8cb-93fd-48fa-9d03-13dc11a90d76","mastercard.com","","","","","","","","","",""
"669fe7a5-4146-45ea-85f1-b1fd861f90df","recmediacorp.com","","","","","","","","","",""
"669c361a-4672-4286-8500-25ed09602476","makesense.org","","","","","","","","","",""
"6692e95c-a11f-4793-93cc-9d4d55cd3760","wellhub.com","","","","","","","","","",""
"665ce693-f04a-40c5-a1bf-b1e53719401d","blackrock.com","","","","","","","","","",""
"65f25fea-d961-4e6e-bc55-18e81395e9c6","falabella.com","","","","","","","","","",""
"65c638d6-3782-4a02-9bca-338224d49604","kellyservices.com","","","","","","","","","",""
"6557ece0-6f10-4b3c-9bd4-28b717912433","uc.cl","","","","","","","","","",""
"651ee3da-18fc-4b76-a973-8dffe7483597","rojo.me","","","","","","","","","",""
"6512b094-5788-4e14-818f-6e1920b7ab05","afh.com.mx","","","","","","","","","",""
"64e8bdb4-01f0-477f-82b5-ae8a2fbe5386","hrmanagement.com.co","","","","","","","","","",""
"64e53eee-a6b5-4bef-9729-4d3dd7e128b0","rateinc.cl","","","","","","","","","",""
"64481666-3486-41d3-a8bf-45ac2ec5740d","ibm.com","","","","","","","","","",""
"64236d7d-6a34-48a7-bd8c-8b942fc1a79a","forbes.com.mx","","","","","","","","","",""
"640cb93d-b175-4539-b037-7003727dc90e","co.nestle.com","","","","","","","","","",""
"6392ff04-2f93-466f-853f-3d9d949f272a","clutig.com","","","","","","","","","",""
"636f054a-c363-4fef-afb1-1c08cb7096ea","elsoldehermosillo.com.mx","","","","","","","","","",""
"6353a63f-642b-4e66-ba3c-2587836cf899","capa.fi","","","","","","","","","",""
"630e9c0a-2270-4974-b5f6-c4adeb0b3a38","isdi.com.mx","","","","","","","","","",""
"6295a2c8-3582-48f5-b7b0-caf8b06df874","megl.com.mx","","","","","","","","","",""
"62766f86-c755-400d-a69d-9d0485b0757d","epicqueen.com","","","","","","","","","",""
"623c3739-6a4e-407e-a63d-5536db139072","unesco.org","","","","","","","","","",""
"61f2ac73-bdbe-4f0f-98ca-626b9e62a722","mexicocomovamos.mx","","","","","","","","","",""
"61f10731-8dd6-4664-8032-1b6be0f37223","edutecno.com","","","","","","","","","",""
"619bd3c0-7c7f-48b9-adaa-f81c56c2cb43","freiheit.org","","","","","","","","","",""
"6127d284-e301-4236-bafb-9aaba55ba3bf","casadobrasil.com","","","","","","","","","",""
"60d9899a-adc9-4b9e-9ad7-15054f91a19b","editorial-santillana-mexico.odoo.com","","","","","","","","","",""
"609ec8bf-bec8-4e02-b978-4a520f37d176","athena.com","","","","","","","","","",""
"60602361-bdcf-48bf-a335-52c86c2fd21b","restofworld.org","","","","","","","","","",""
"60496b89-20a8-4f62-a3a8-2b250d0a1d66","risd.edu","","","","","","","","","",""
"60454cb1-8f2e-44d7-8641-ef635c8d37fa","clupp.com.mx","","","","","","","","","",""
"5fb52e42-bf25-40ae-b6eb-d7097d1380bc","us.ibm.com","","","","","","","","","",""
"5ed96057-7028-43dc-bdae-75faa38da225","cminds.co","","","","","","","","","",""
"5cecde00-ee67-497c-ac47-dcd901bc4ebb","galileo-ft.com","","","","","","","","","",""
"5c90d851-52e9-430e-84ad-22580c7c227a","ifa.de","","","","","","","","","",""
"5c7eb6a7-645c-4eab-be7d-e926ea3cf5f2","ultiself.com","","","","","","","","","",""
"5c2ac247-d025-4827-beef-468b1b96c3ef","unsubscribe.mailchimpapp.net","","","","","","","","","",""
"5bc87136-4c14-48c9-a49a-1efa4db51489","ellaglobalcommunity.org","","","","","","","","","",""
"5ba0cb80-fe24-4207-9f6a-4ffec9437ff9","expertosenconvenciones.com","","","","","","","","","",""
"5b9689ec-dac4-49d6-b227-dae48af827c0","grupocorintio.com","","","","","","","","","",""
"5b4bdf9c-cbad-4978-9c95-f25b8d27cb41","fpf.org","","","","","","","","","",""
"5b225512-dca4-42c4-bb2d-dac478746a81","trustnet.com.mx","","","","","","","","","",""
"5b046e59-d1d3-4f04-b1ba-57f6a9ff449d","pwc.com","","","","","","","","","",""
"5ade9049-c391-4467-a904-3b9bdc185f65","prkoggi.co","","","","","","","","","",""
"5a2624f4-2f55-4fdd-beaf-b7b804dc00d6","another.co","","","","","","","","","",""
"594a5e09-17d9-40c7-9ced-f3bc8e74f1b3","ecoforestco2.com","","","","","","","","","",""
"59072feb-7760-4fea-be69-507e603396ba","produ.com","","","","","","","","","",""
"58830c9a-561c-4b28-a049-751cd0989499","miranda-partners.com","","","","","","","","","",""
"58380573-075c-431b-bd8b-18af91cd4e7f","phc.lat","","","","","","","","","",""
"580fc8a2-89bb-490a-9b91-ab6a2bf6a26d","heineken.com","","","","","","","","","",""
"57c5d09e-48c4-4f68-a489-90f22d8302a5","nium.com","","","","","","","","","",""
"57855e67-0c47-4b30-af94-f88a2e9897b5","piconorte.mx","","","","","","","","","",""
"5779fc5c-b2bf-431d-8a5f-67698765d3c5","escuela-bourbaki.com","","","","","","","","","",""
"5745cc4f-7a3e-442e-8e8d-80551e812fac","samsung.com","","","","","","","","","",""
"56ea5c52-ff3a-49e2-8a8d-7559cde70dc0","pucp.edu.pe","","","","","","","","","",""
"56aa5511-e746-490e-be8d-39505be2ccb7","turkcell.com.tr","","","","","","","","","",""
"56a8fd74-9d65-4574-abb1-c16db1333677","dxt.mx","","","","","","","","","",""
"568ac857-b1d8-41af-b11e-2ce84159c7cb","mcmtelecom.com.mx","","","","","","","","","",""
"5664b527-33ca-40f9-9796-86f62e9977cd","saludangeles.mx","","","","","","","","","",""
"5638c1e2-15b4-4565-ae7f-a381d4c4c526","getobok.com","","","","","","","","","",""
"55ee80f6-f526-4481-82ec-b4781fc3bc42","makingsense.com","","","","","","","","","",""
"55b8b1e6-3189-4423-a1a7-943475a288fd","manus-ai.com","","","","","","","","","",""
"55900125-ab90-4847-ac25-1762c175a934","diversitytravel.com","","","","","","","","","",""
"553432ba-6cf3-4cc7-bc04-2a7543d46598","random.com.mx","","","","","","","","","",""
"551aa148-2800-4f10-8e53-693384bcb928","flouci.com","","","","","","","","","",""
"54b39a3c-402c-416e-838e-6135271b2a8b","contact.hcltech.com","","","","","","","","","",""
"544b7f8e-fb50-4b7c-8e5e-d17a1cef58cc","tmilaw.com.mx","","","","","","","","","",""
"53d106fd-64a0-4994-9032-91fc366c7191","prim.com.mx","","","","","","","","","",""
"53bc1041-d41d-4aa0-b7f7-dd4d0da0c1ab","openai.com","","","","","","","","","",""
"53b0edc6-9901-400d-b693-38fd9ec3017d","unibe.edu.do","","","","","","","","","",""
"53abe594-4ab8-4041-bf71-f2b4860d7832","anitab.org","","","","","","","","","",""
"5343234f-c73d-40e1-a220-95a38532725e","eui.eu","","","","","","","","","",""
"531f26f4-9430-427f-b6da-0b00d1b1735d","dominate-keywords.com","","","","","","","","","",""
"52c5d21b-1c64-4d42-af8b-ccc29e34ab46","superhuman.com","","","","","","","","","",""
"5242cee0-f289-4462-9a0f-e6a5197a2a56","comercio.mineco.es","","","","","","","","","",""
"523d8494-e7ed-4c38-88ea-4bbc6bb37da3","wandamunoz.com","","","","","","","","","",""
"51ed384e-c4f3-4809-b912-9a3306676f82","thehiringrevolution.com","","","","","","","","","",""
"51a92576-c74b-4459-8e3f-86dfc4702d4c","grupobimbo.com","","","","","","","","","",""
"50c0b23b-18d8-4988-b4e3-f5490e3c8b7c","heros-corporation.com","","","","","","","","","",""
"507afa19-600d-4f41-b973-4ac6a55361d7","americanbar.org","","","","","","","","","",""
"5054a37f-a4de-4fd6-ad6c-46e0adbd0ca4","inesayer.com","","","","","","","","","",""
"50208d81-29b0-42a5-a677-546da7695afc","prodigy.net.mx","","","","","","","","","",""
"4eeb1eb5-7401-4ec8-9e63-7a3039e8c9b1","resolveinstitute.com","","","","","","","","","",""
"4eb0bf30-ad95-412c-921c-be8317902014","amicorp.com","","","","","","","","","",""
"4e6182d6-4c1c-49ea-a3fe-fbc9dcd64d2a","nh-hotels.com","","","","","","","","","",""
"4dc3c6f2-0f12-4cc1-945f-47bb40fe5014","nfte.com","","","","","","","","","",""
"4daff094-cd2f-400f-b274-54fd410fbf12","riskmathics.com","","","","","","","","","",""
"4da6f103-3b52-42f7-9086-5c4b5e5225a0","fintechmexico.org","","","","","","","","","",""
"4d012c86-0c3c-4e34-9b32-2195ea7f02a5","unsubscribe-02.emailinboundprocessing.eu","","","","","","","","","",""
"4c893420-e7a5-43da-9f44-b069b3f3a1df","dominatebanners.com","","","","","","","","","",""
"4c131ab6-6d17-489a-9b49-630850467570","publicislive.com","","","","","","","","","",""
"4bd122d9-4651-4b90-a3d6-342079eb103c","thisisthegoodside.com","","","","","","","","","",""
"4bab47a0-4064-4c1d-bf20-a89361e53aff","laika.pet","","","","","","","","","",""
"4ba6cb00-7e37-4b79-a7c6-9ea7a9c98d25","alfasigma.com","","","","","","","","","",""
"4b6ba0aa-bae3-4488-921b-956a77f67aef","pecuarios.com","","","","","","","","","",""
"4b4ee6f2-f722-4a76-b2f6-e1fe4c2b24c0","utoronto.ca","","","","","","","","","",""
"4aecb832-9bf1-4eb7-a44b-b3d77463dd04","hacksussex.com","","","","","","","","","",""
"4ab793a1-5594-41fa-9e2f-32e732e0ea9e","itam.mx","","","","","","","","","",""
"49d74fe7-4339-4d35-ac75-a0034f40edea","disney.com","","","","","","","","","",""
"49ce118e-6e4f-4c01-9395-91816c453b18","graduateinstitute.ch","","","","","","","","","",""
"49b2e43a-2120-47fe-ad1c-2f4964bc0a90","stmeducation.co","","","","","","","","","",""
"4948987e-8541-426d-b577-6a39d0bb44b8","cloud.com","","","","","","","","","",""
"47f7449e-d7c9-4167-81b0-f69559adbc4e","vokal.io","","","","","","","","","",""
"47aa9843-3614-41b4-a14c-aa5d705831df","senado.gob.mx","","","","","","","","","",""
"478dfd10-1efd-4ced-8796-865b3a87a442","sociallearning.io","","","","","","","","","",""
"4770d969-4dda-4e29-937e-f044c2bba5af","epconsulting.com.mx","","","","","","","","","",""
"476b9076-a74b-47e5-98f6-a42469855b05","bitso.com","","","","","","","","","",""
"46e41de2-28e4-4f57-8cc5-bbf1746e79df","piaggiomx.com","","","","","","","","","",""
"46acc740-00be-4867-8a34-950f19c4d305","loodstudio.mx","","","","","","","","","",""
"469dcee8-b9c0-41b6-881d-90911e9c34f3","skills4good.com","","","","","","","","","",""
"4667b229-afd7-4dff-8df6-1a599dd9a861","opendiplo.de","","","","","","","","","",""
"4641f036-7d84-49c6-a622-c1ece5a428fd","proyectalab.com.mx","","","","","","","","","",""
"4562a207-56d9-46bf-bfb0-ee53a867b6cd","zcsend.net","","","","","","","","","",""
"454cc4cb-cda5-4e25-9e7d-cfd46e684cc9","nserc-crsng.gc.ca","","","","","","","","","",""
"44f92421-3dbe-4011-952f-8675ebba7b62","asefimex.com","","","","","","","","","",""
"44ef20c8-eeaf-4659-ab02-40009f3bb67a","naacpldf.org","","","","","","","","","",""
"444ed1e0-8666-4902-aff9-f777d5a9eb19","mmm.com","","","","","","","","","",""
"438b42c1-402c-4a92-a826-a192254e3935","syncfy.com","","","","","","","","","",""
"4304d4c1-04cf-4103-9a5e-b3827362dd77","aexp.com","","","","","","","","","",""
"42e29426-fe8e-45e2-9041-6d70c5a4f9ad","techpolitica.com","","","","","","","","","",""
"41d6dd94-6457-487c-a910-0e91e04ddef4","checkrocket.com","","","","","","","","","",""
"41ad6ab7-f654-4278-96d0-e582b0f77194","aidicare.com","","","","","","","","","",""
"412ee999-ea3f-4362-8e39-7a6a918e79b4","google.com","","","","","","","","","",""
"4123d7f1-d32b-49af-8667-5f30ddc5e6ee","adbidgroup.com","","","","","","","","","",""
"40e7bd27-5b12-4a27-828d-40eadc2451c6","alumni.ie.edu","","","","","","","","","",""
"400d8615-d6bb-4262-9c95-e7796ff8ec25","soif.org.uk","","","","","","","","","",""
"3f4c7c8b-6f5b-4a2a-b684-2e682f16992d","yango.com","Yango Deli Israel","","","","","","","","",""
"3f33158c-db64-4660-ac07-fe469de6b37d","elsoldepuebla.com.mx","","","","","","","","","",""
"3ec918fa-76ba-4faa-9671-b4bafd8debd0","nu4itautomation.com","","","","","","","","","",""
"3e514f64-9595-41f9-acd1-cd7009270476","s4.csa2.acemsa2.com","","","","","","","","","",""
"3dfffadb-0475-4b59-8751-d7ba7eb2ab30","koggi.co","","","","","","","","","",""
"3df51526-2fff-4887-a87b-1e274d583bf4","cabify.com","","","","","","","","","",""
"3c9f831a-426a-4c72-addb-b72e6ed9a95d","grupojemaan.com","","","","","","","","","",""
"3c88683e-9d4b-4023-8382-653f6b4eee83","haleytek.com","","","","","","","","","",""
"3c7997c2-8d90-47a9-8e0d-bdaf4d65acee","shared-p100-i10.d.sp1-brevo.net","","","","","","","","","",""
"3c310902-5ca0-4bba-8da3-8b0c969ef2b5","serviciosnutresa.com","","","","","","","","","",""
"3c2d3752-b199-4d4a-ae2b-3828ed46a8b9","icic.org.mx","","","","","","","","","",""
"3c2b57db-7220-46ed-bd2e-21191064d0f5","alumnos.udg.mx","","","","","","","","","",""
"3ba7ba28-84f4-4c42-8024-a08c394ffbee","xielo.co","","","","","","","","","",""
"3b8143c5-4b17-4868-97ae-baad4276f106","web.de","","","","","","","","","",""
"3b440b01-5b0a-4cf2-bde5-284af7d24583","iabmexico.com","","","","","","","","","",""
"3b42aadb-81b9-41a1-9049-2b445b87d061","altazor.com.mx","","","","","","","","","",""
"3ae48afa-8b14-4a24-97b6-bfd8ed14bbd8","enesmorelia.unam.mx","","","","","","","","","",""
"3a7c7c6b-fc69-4baa-b123-4ba551934cc9","trust-oea.org","","","","","","","","","",""
"3a587773-0bde-4817-8089-2c147f35b6e5","amvo.org.mx","","","","","","","","","",""
"39f6a1ca-1976-47dd-8560-65dc92241f7e","zenhighachiever.com","","","","","","","","","",""
"397e4f73-bc5e-4b9a-8c11-2ce279985a07","tec.mx","","","","","","","","","",""
"38be74c2-60cf-4aed-b80f-db287950eb23","zonatres.org","","","","","","","","","",""
"3898f8d9-6e32-4eff-b37d-8b26c4e30649","web23advisors.com","","","","","","","","","",""
"3870dd04-502b-4bb2-b71c-880276228ad5","twilio.com","","","","","","","","","",""
"37bf6dee-d4ef-4253-b423-80390995f25d","bslci.com","","","","","","","","","",""
"3772bc1d-5e84-4c1a-ad80-e6bd412dbaa2","dpmediaaholics.com","","","","","","","","","",""
"36fbf478-152b-4909-87b7-6813ad597bd9","xwf.google.com","","","","","","","","","",""
"36b06720-dacb-4e86-a873-5f8b0c374bfc","datacivica.org","","","","","","","","","",""
"366555aa-b37e-4231-bd6a-936ae75fdb8e","skydivecuautla.com","","","","","","","","","",""
"3648a2c7-1e35-4bd5-85f2-3c2dbbdfe550","hemoeco.com","","","","","","","","","",""
"363968c7-19ef-4d68-9a74-00e998aa09c4","stardust.zone","","","","","","","","","",""
"36040f37-5440-44f0-b6ea-e8976a415e02","canvas8.com","","","","","","","","","",""
"3569c973-1ede-4e86-95bd-ac95baf5fe8b","wkr.com.ar","","","","","","","","","",""
"3529dd47-8106-4090-a4c2-a0a0a6a382f9","sphera.mx","","","","","","","","","",""
"34e07c39-7bcc-43b2-8337-add825e6a3ce","takeda.com","","","","","","","","","",""
"34d98deb-9438-4101-baf3-144b1275d6b1","mnlumumbai.edu.in","","","","","","","","","",""
"347fdfa8-cae3-4bef-aa7c-04866ae4f83c","instrag.mx","","","","","","","","","",""
"344fd0da-5a08-4915-9d3f-86e8e6a8188c","student.isdi.mx","","","","","","","","","",""
"3414297e-03a6-4507-8887-9c50462c15d0","payclip.com","","","","","","","","","",""
"31d92d2b-4d65-42a1-abf6-e9868f110825","gamma.app","","","","","","","","","",""
"3180d78d-972a-4dd6-9d05-d8dbf6066987","albertoej.com","","","","","","","","","",""
"31318e96-3074-4632-b16f-50c992c84b1c","paracaidismo.mx","","","","","","","","","",""
"310fcd68-f60f-4971-9cd0-d9932dee8402","greien.com","","","","","","","","","",""
"31025c76-c63a-440a-9ff9-240d44c072e1","alpsp.org","","","","","","","","","",""
"306e2010-9b9b-4caf-8bfb-3fcb8ad8f32c","nuevoleon.gob.mx","","","","","","","","","",""
"2ff62c8a-c277-49b2-95c6-915ff5ed5594","collectiveacademy.com","","","","","","","","","",""
"2fcc69cc-72d9-4d7d-9c9c-4d87bd3c5079","loyal.ink","","","","","","","","","",""
"2efd966e-bd98-44cb-907a-72da75468a07","thinkdigital.academy","","","","","","","","","",""
"2e6890ec-1736-4d14-9f73-ede8025ebd94","glou.studio","","","","","","","","","",""
"2e46cfa6-d453-41a4-be8a-39bb4a919ffe","mariahalseduloquin.com","","","","","","","","","",""
"2e2f5a5a-e8fd-46ff-af25-fad1cccefa3c","iimas.unam.mx","","","","","","","","","",""
"2e105ea2-9e1c-4507-8322-fb8cc08aa6a7","faissalsharif.com","","","","","","","","","",""
"2d41fc16-6ddb-4ec4-8195-48b0d13a6448","exponentialbrand.com","","","","","","","","","",""
"2ce69b4f-0507-488e-a1bb-a071a94cd3d0","eduprenoria.com","","","","","","","","","",""
"2cd0eda8-1133-449d-90d1-550127c177b6","creditea.mx","","","","","","","","","",""
"2c28ed60-e24d-4b62-9a82-0a2e02fb2e21","auronix.com","","","","","","","","","",""
"2c0497bb-359b-4606-ab11-f1dc5bfd8629","mx.christelhouse.org","","","","","","","","","",""
"2bf110fe-be84-403f-8de5-6b7b5c558382","srventas.com","","","","","","","","","",""
"2ba048b3-f168-4ab6-9437-287c3caded80","community.nas.io","","","","","","","","","",""
"29e80e1a-72d8-415a-8411-5481bc528d76","poderjudicial.pr","","","","","","","","","",""
"29c300e4-dd8b-4a9e-9ea1-eb7f39d5b4b8","sesc.com.mx","","","","","","","","","",""
"2961dc8c-b280-41e8-8e7c-3b9174967473","ntu.edu.sg","","","","","","","","","",""
"29089845-ae21-450a-b251-d40c2e37dbca","sciencespo.fr","","","","","","","","","",""
"28f95f58-3614-4def-b509-7c9e2135d7ea","betterfly.com","","","","","","","","","",""
"28daf1ce-c329-4d57-b5f7-94922a183f8c","hyve.com.mx","","","","","","","","","",""
"284be9d1-9faf-4c2d-913a-e98b8dfee3c7","heros-technology.com","","","","","","","","","",""
"283fe82c-042e-4bcd-ab33-55daf925d16a","conferencistasmexico.com","","","","","","","","","",""
"281e3485-fb98-4ab7-9f97-ef5dc2c57dec","centroi.org","","","","","","","","","",""
"27e517d2-0ebd-41f5-8334-723fdbf3afea","partner.samsung.com","","","","","","","","","",""
"277b9493-2f34-4102-9e0d-54a0403ac56f","daict.com","","","","","","","","","",""
"270fbd34-8280-4e5e-9f11-447f2faefff3","laika.com.co","","","","","","","","","",""
"270c5753-8fe5-4ae8-b6e5-de66ae051f69","presidente-imefu.com","","","","","","","","","",""
"256f1106-ac8b-43da-b483-98be1d81b49b","shutterstock.com","","","","","","","","","",""
"255b862f-c0cc-4488-b120-3f0998588510","talentodeimpacto.com","","","","","","","","","",""
"25549cb2-9e06-4faf-bec8-493c514538fb","nextec.cc","","","","","","","","","",""
"25367c21-311f-40c2-8895-9b58e41fb5d9","incode.com","","","","","","","","","",""
"25242054-6994-4a55-bb3c-e0dbdbb73db7","santillana.com","","","","","","","","","",""
"250c7727-7ac4-4cf2-95cd-feb999c4d297","boehringer-ingelheim.com","","","","","","","","","",""
"24f17396-6328-45ff-b7cd-920e0f68755c","phrlegal.com","","","","","","","","","",""
"24e3aa72-98ac-4dd7-bdb5-8693020b6cf6","prospectivistas-edm.slack.com","","","","","","","","","",""
"248415d5-7e70-4a5a-b042-66786292cf60","mda.space","","","","","","","","","",""
"247f5e16-dea5-4416-bb56-0c4692fa6b80","nosotrxs.co","","","","","","","","","",""
"24598b0e-49b0-4ecf-8456-f1bc4eadd75c","campbell.edu","","","","","","","","","",""
"2458af1c-614e-4d7c-b567-3f1fa0f2c47a","wom.co","","","","","","","","","",""
"244e24b8-a415-40c1-a1bf-a86a0ddbaf0b","huemulsolutions.com","","","","","","","","","",""
"23ce4af3-51b3-4781-aeb8-2ece9e02b29d","pierre-fabre.com","","","","","","","","","",""
"238c95f6-884a-4919-8deb-eab087173ed5","bancodebogota.com.co","","","","","","","","","",""
"2371be91-1429-487f-8545-c07619136be7","bf04x.hubspotemail.net","","","","","","","","","",""
"232b0fe8-b651-4b3b-8393-bcb898db20ec","masha.mx","","","","","","","","","",""
"23247b7c-c80f-4c15-ba4e-30c9cfd7e42c","colectivo23.com","","","","","","","","","",""
"232021a3-b1a6-47e9-89fe-2e48ebb7fbea","f6s.com","","","","","","","","","",""
"22d1f7a6-462a-4167-adef-325f134dc641","imconmx.com","","","","","","","","","",""
"22b6d14d-0aad-45b2-b65e-60c569db4272","freshbooks.com","","","","","","","","","",""
"22b4c695-6df9-4b9d-bf07-afa38729cef1","3blassociates.com","","","","","","","","","",""
"22819239-ce16-4230-9eeb-c005392a55c9","olympiccrew.mx","","","","","","","","","",""
"223f02a1-504c-44fe-bb04-9725a4e21e3b","covaf.com","","","","","","","","","",""
"22227a0d-9eac-47a7-b72d-f248c380604f","miranda-ir.com","","","","","","","","","",""
"220cca87-b3f2-4730-9e71-77eda5c20d05","klustomer.com","","","","","","","","","",""
"21ff4862-b2d5-4433-af6e-4aea2d198304","sap.com","","","","","","","","","",""
"21e34341-4698-4864-aa5c-e5829db3e313","reaccion.org.py","","","","","","","","","",""
"21a47177-5c3c-4ae2-9da3-a80ad9dde8f6","blueboxmx.com","","","","","","","","","",""
"219ff833-64f9-4316-9eeb-614b4119aca9","careercompass.education","","","","","","","","","",""
"20fb725c-b6d5-4d4c-bb64-736305adae8f","ift.org.mx","","","","","","","","","",""
"20e47c69-8dc7-46d0-9651-d343fc5a939d","t2o.com","","","","","","","","","",""
"208efe73-0c29-411c-a18f-e8d3046972bb","mltply.io","","","","","","","","","",""
"208059d2-3991-48cd-9414-f2e5ac54c366","editorialteseo.com","","","","","","","","","",""
"206cc549-b76b-43c1-a2be-ea6471a1f341","didiglobal.com","","","","","","","","","",""
"2060a798-bfe1-4094-a3fc-6af9df29edea","unsubscribe-05.emailinboundprocessing.com","","","","","","","","","",""
"1ffd4b71-92ff-4472-baa2-0929017aec57","kueski.com","","","","","","","","","",""
"1fe76fbe-e9c3-496a-b9ee-059e786d9d7f","grupohycsa.mx","","","","","","","","","",""
"1fc22fdf-26a3-423e-bf18-4435054cc574","desmex.com","","","","","","","","","",""
"1f32002d-85c3-4f69-a33f-77b283c874f1","ifahto.com","","","","","","","","","",""
"1eac0592-be85-4619-bac2-6fcf48963287","lapi.com.mx","","","","","","","","","",""
"1e678e12-33f1-47b1-97d8-3c598705d0b1","wizeline.com","","","","","","","","","",""
"1e5484ed-1861-44fa-9592-7e485ee30cbf","fluidlabs.org","","","","","","","","","",""
"1e2f9845-afe8-4b21-b02a-fb2f8ad85416","grupomedios.com","","","","","","","","","",""
"1df8c281-c4e1-44d0-872b-ad953481b3ce","ew360.mx","","","","","","","","","",""
"1da4133b-c904-40d0-84aa-efd03ae46107","brein.cl","","","","","","","","","",""
"1c680476-b270-4351-850f-54718ca6fae9","jpmchase.com","","","","","","","","","",""
"1c4725df-f519-490f-9634-c499a7d1c28f","innitgroup.com","","","","","","","","","",""
"1c391681-4c9f-47a7-9ccf-534ea671fc58","authentic.com.co","","","","","","","","","",""
"1bfb7890-7b58-4afe-a303-c6332d641968","toxtli.me","","","","","","","","","",""
"1b4f7442-e04b-4ca2-8917-7922735dc05a","iadb.org","","","","","","","","","",""
"1ab3e668-42f3-4156-b5ad-bb2dade14b41","tantan.solutions","","","","","","","","","",""
"1a9a62d2-ece2-4d2f-b7a6-2182d1a57fa2","e-travel.ch","","","","","","","","","",""
"1a864a7f-c948-4902-a940-8b7be3c5d2e5","majal.org","","","","","","","","","",""
"1a17f193-a543-4f0b-8d7a-3456ef2f0bac","usehandle.ai","","","","","","","","","",""
"196ff5ad-1d6a-4c5a-bc9d-71f4e642cf89","laboratoria.la","","","","","","","","","",""
"19698551-0038-4252-a46b-879edc020820","gmfus.org","","","","","","","","","",""
"195e83d7-180c-4910-bc6c-12a7374c1689","unoi.com","","","","","","","","","",""
"19088bbb-763c-4d82-a7a3-3c61fc4898a7","emeritus.org","","","","","","","","","",""
"18177e84-0092-405c-b506-c22fa59e249b","eservicesmx.com","","","","","","","","","",""
"1747e54b-63cd-4e39-b43c-da4fbbb393f3","n.contactoenmedios.com","","","","","","","","","",""
"1725d505-5cf1-4cdf-a610-f48bdb947b24","chevening.org","","","","","","","","","",""
"16d22115-83f2-497b-8150-1645727130ab","adm.com","","","","","","","","","",""
"169d42de-adad-49d7-bda3-8e2f47703fdf","daliaempower.com","","","","","","","","","",""
"168fd8b9-409e-48bc-9eec-f496fe79a57e","niitmts.com","","","","","","","","","",""
"168f70ec-9aa8-4820-936b-db0fd088cd5e","usp.br","","","","","","","","","",""
"166a1dfa-040f-47c9-8c2d-f705948ae80a","pefai.com","","","","","","","","","",""
"15f2038d-9249-4c5e-96f5-d2f6b69a0d91","potenttial.com","","","","","","","","","",""
"156b8fdc-2157-4cdc-b109-a36e032511f9","wip.co","","","","","","","","","",""
"1532b9b5-c0ca-4f7a-ac09-e762d6304b62","womeninai.co","","","","","","","","","",""
"1450824b-8b30-404b-8e30-a916261be7d5","invisiblelab.es","","","","","","","","","",""
"14479c74-9fab-475b-91fb-158db73aee9f","jmailservice.com","","","","","","","","","",""
"140b97ac-0443-46f1-bad1-fd793c60b980","abanteproductions.com","","","","","","","","","",""
"130383c3-dea6-48e5-8c10-6f55d80bc017","getaifactory.com","","","","","","","","","",""
"12f419a5-e637-46a9-8cec-0ba56c8fe623","iupana.com","","","","","","","","","",""
"12394f6b-f15f-4922-85cd-cf7c674e00bf","virmar.mx","","","","","","","","","",""
"11fe4204-e27f-410a-bc80-fb870ec9de2d","omib.isdi.mx","","","","","","","","","",""
"11df473a-3cf4-46e2-b18f-3a6ef57e4f72","centro.edu.mx","","","","","","","","","",""
"11ca4ab8-c682-4adb-9fcc-def7c5ea92cf","lvmh.com","","","","","","","","","",""
"11c852f0-44e9-4b25-922f-6b9cac4a5f3d","aucegypt.edu","","","","","","","","","",""
"11b1bc31-a359-42b1-8d94-277691d6e74b","os.city","","","","","","","","","",""
"117bb027-76dc-40fd-9877-0c5eb6db8843","bbva.com","","","","","","","","","",""
"117ab902-be57-4e3c-ab0b-157e205dd1cc","uv.mx","","","","","","","","","",""
"11196c52-828e-4c44-bbfa-809a7e061d6b","holafly.com","","","","","","","","","",""
"10ce5eff-63f5-41f8-9664-a287a1db4e8e","finvero.com","","","","","","","","","",""
"10b70f44-f31f-4c63-8628-992bafbce7ae","tree-alliance.com","","","","","","","","","",""
"1025cd71-3996-4920-892d-30a9bf6bf8e2","htcontenidos.com","","","","","","","","","",""
"1018cf67-96d1-4b61-a28a-701be23e9fca","jpmorgan.com","","","","","","","","","",""
"0fe704c5-7192-4060-9302-8ef4d83f0fb1","united.com","","","","","","","","","",""
"0fc0b481-0fc3-483b-8a18-9af0c8894076","aiemac.org.mx","","","","","","","","","",""
"0f928d4c-aa97-46ea-8866-30be5fcf7837","tuzumma.com","","","","","","","","","",""
"0f5e6e49-9adf-46c7-a3e3-577756dc2a75","buk.mx","","","","","","","","","",""
"0f45ae21-288b-48e1-a18c-d0192a16b508","ciforai.com","","","","","","","","","",""
"0ebfc5ca-bd0c-4744-940a-d759b3bc27da","gympass.com","","","","","","","","","",""
"0e6a5a25-570e-4a85-bfb6-df79b421864d","itserra.com","","","","","","","","","",""
"0e1d1f95-8cba-4709-8c83-d6208d2de834","iaran.org","","","","","","","","","",""
"0e13ee39-5e45-447c-bb64-f53d65f6492b","makers.build","","","","","","","","","",""
"0ddcfb6f-371a-4446-9a2e-c7b8f94df6d9","garantiplus.mx","","","","","","","","","",""
"0dc41424-2d4c-4a22-ab02-a5b87348fcec","petshuttleabroad.com","","","","","","","","","",""
"0dc09a45-17b7-4c17-b5b8-a70c7e4d8285","hibrids.com","","","","","","","","","",""
"0d009227-4d66-493d-81eb-e2ab69364ef5","alcocersola.com","","","","","","","","","",""
"0af393d4-0ada-45bc-8a24-2216bc08fccb","unsub-nld1.mktomail.com","","","","","","","","","",""
"0aa01a45-088e-4212-9670-1b8db6b4b456","nh-tels.com","","","","","","","","","",""
"0a79c6f6-6b71-45a9-b465-a4a5d4485e8c","hubspot.com","","","","","","","","","",""
"0a130465-6e8b-45de-9844-30691ad63c69","omd.com.co","","","","","","","","","",""
"09f189b6-5d60-4d8f-bc47-a26014ac44f8","thebrandside.com.mx","","","","","","","","","",""
"09b9cdca-3796-4200-97f3-40a1e22c9f2b","vadilatam.com","","","","","","","","","",""
"08e85d81-a3f8-4395-959f-30483f4b518b","lajabonera.com","","","","","","","","","",""
"08cd8ac8-c49a-4fa8-a9e9-55d1af4fd11c","porternovelli.mx","","","","","","","","","",""
"087ed9c2-b864-48ca-aa1e-16e2464204e2","contapp.com.ec","","","","","","","","","",""
"086e9493-2539-4508-a3ef-6a69e6064c59","ribbonprotocol.org","","","","","","","","","",""
"07e7d9d1-11de-4f2c-8c3f-f473d87226d2","policylab.tech","","","","","","","","","",""
"07cf72f4-8d79-4d26-99c0-4de772f84609","gbm.com","","","","","","","","","",""
"074712d3-71a2-46de-b3f0-f6336524aefc","asamep.com","","","","","","","","","",""
"07337abb-aeef-4987-b77b-d1ee3974777d","elsoldemexico.com.mx","","","","","","","","","",""
"06b69914-d02b-44e6-b499-b4cce9148d3a","elifesciences.org","","","","","","","","","",""
"0687f310-6559-4184-ae0e-45468a9cc169","qti.qualcomm.com","","","","","","","","","",""
"067740f3-1eed-451f-981c-995101db35da","evidens.com.mx","","","","","","","","","",""
"05dd3723-dc6f-4dd9-b0c9-54487c076c18","unsubscribe.emailinboundprocessing.com","","","","","","","","","",""
"05bd0635-069a-49f0-ad12-9acdc7d3a1d7","avaldigitallabs.com","","","","","","","","","",""
"05a0611a-73f8-4a4d-8f0f-123d657d5426","moonmakers.org","","","","","","","","","",""
"04fc6cd7-ed92-435e-bc3f-a95c2e7050c4","northeastern.edu","","","","","","","","","",""
"04db88ed-d628-4c7d-8e82-c732d5368e14","manusai.dev","","","","","","","","","",""
"04d9d864-74e4-4d0a-b238-d6dff45f3fe6","planamb.com","","","","","","","","","",""
"049f27d6-20b9-4438-a8b6-c69f4ce2af02","euronetworldwide.com","","","","","","","","","",""
"0495e7a2-82da-4ed3-8277-f51bd8d05c59","newrona.net","","","","","","","","","",""
"043df71b-0564-4df2-a7cd-66c4886e2167","unsubscribe.iterable.com","","","","","","","","","",""
"042c99ee-8c12-4b92-84c3-687c74c6f6db","nike.com","","","","","","","","","",""
"03ec72c0-e0c1-4a1f-a851-7d841bf1aff4","elfinanciero.com.mx","","","","","","","","","",""
"03af7de6-14ec-44cf-a46a-1fb4d02bf4b3","est.unibe.edu.do","","","","","","","","","",""
"03989cd1-4087-4dd4-9457-1486ff5ed225","caceca.org","","","","","","","","","",""
"02ea2cc4-6a44-4c4a-926e-d4b5fe012cd3","coleurope.eu","","","","","","","","","",""
"02b21ea0-a61c-43cb-b56e-254289df4b7f","tsomlab.com","","","","","","","","","",""
"025d9352-4b33-4df9-ad2c-409b50dfb583","angelhub.mx","","","","","","","","","",""
"016223e0-a4db-42de-8da3-011c83af3fcb","aisecret.us","","","","","","","","","",""
"015b6c86-4d71-4535-9203-327138d6a5a2","bf07x.hubspotemail.net","","","","","","","","","",""
"00c96b5c-cac0-4458-a222-5d22276ecf91","stratoprisk.com","","","","","","","","","",""
"0046f78d-6205-47d1-832a-1f1f1085d325","jetz.app","","","","","","","","","",""
